<?xml version="1.0" encoding="utf-8"?>
<root xmlns:xsi="http://www.w3.org/2001/XMLSchema-instance" xmlns:xsd="http://www.w3.org/2001/XMLSchema">
  <Roles>
    <Role Id="admin" Name="Admin" PasswordRequirementId="t1ZHm6Ot" DashboardsTreeTemplateId="">
      <Claims ManageDataSources="true" ManageRoles="true" ManageUsers="true" ManageTaskSchedules="true" ManageLicense="true" ManageDatabase="true" ManageBackups="true" ManageSharedFilters="true" ManageEventComments="true" ManageDashboards="true" ManageDashboardTreesTemplates="true" ManageDashboardTemplates="true" ManageCertificates="true" ManageRadioserver="true" ManageReports="true" ManageNotifications="true" ManageMaps="true" ManageWidgets="true" ManageSharedThemes="true" ManageSharedImages="true" ManageServer="true" ManagePopups="true" />
      <Lists Type="All">
        <All Control="true" Alarms="true" Acknowledge="true" />
        <Custom>
          <Lists />
        </Custom>
      </Lists>
    </Role>
    <Role Id="dispatcher" Name="Dispatcher" PasswordRequirementId="t1ZHm6Ot" DashboardsTreeTemplateId="">
      <Claims ManageDataSources="false" ManageRoles="false" ManageUsers="false" ManageTaskSchedules="false" ManageLicense="false" ManageDatabase="false" ManageBackups="false" ManageSharedFilters="false" ManageEventComments="false" ManageDashboards="false" ManageDashboardTreesTemplates="false" ManageDashboardTemplates="false" ManageCertificates="false" ManageRadioserver="false" ManageReports="false" ManageNotifications="false" ManageMaps="true" ManageWidgets="false" ManageSharedThemes="false" ManageSharedImages="false" ManageServer="false" ManagePopups="false" />
      <Lists Type="All">
        <All Control="true" Alarms="true" Acknowledge="true" />
        <Custom>
          <Lists />
        </Custom>
      </Lists>
    </Role>
    <Role Id="ZmOFOMm1" Name="VIEWER" PasswordRequirementId="t1ZHm6Ot" DashboardsTreeTemplateId="">
      <Claims ManageDataSources="false" ManageRoles="false" ManageUsers="false" ManageTaskSchedules="false" ManageLicense="false" ManageDatabase="false" ManageBackups="false" ManageSharedFilters="false" ManageEventComments="false" ManageDashboards="false" ManageDashboardTreesTemplates="false" ManageDashboardTemplates="true" ManageCertificates="false" ManageRadioserver="false" ManageReports="false" ManageNotifications="false" ManageMaps="false" ManageWidgets="false" ManageSharedThemes="false" ManageSharedImages="false" ManageServer="false" ManagePopups="false" />
      <Lists Type="All">
        <All Control="false" Alarms="false" Acknowledge="false" />
        <Custom>
          <Lists />
        </Custom>
      </Lists>
    </Role>
  </Roles>
  <PasswordRequirements>
    <PasswordRequirement Id="t1ZHm6Ot" Alias="General Password Requirement" MinLength="1" MaxLength="64">
      <Alphabets>
        <Alphabet Symbols="abcdefghijklmnopqrstuvwxyz" Min="0" Hint="[a-z]" />
        <Alphabet Symbols="ABCDEFGHIJKLMNOPQRSTUVWXYZ" Min="0" Hint="[A-Z]" />
        <Alphabet Symbols="0123456789" Min="0" Hint="[0-9]" />
        <Alphabet Symbols="!@#$%^&amp;*()_-+" Min="0" Hint="!@#$%^&amp;*()_-+" />
      </Alphabets>
    </PasswordRequirement>
  </PasswordRequirements>
</root>