<?xml version="1.0" encoding="utf-8"?>
<root xmlns:xsi="http://www.w3.org/2001/XMLSchema-instance" xmlns:xsd="http://www.w3.org/2001/XMLSchema">
  <Users>
    <User Name="admin" Id="ABFD575E-51F9-4A14-95CF-23D841516E46" RoleId="admin" Origin="Web" MustChangePassword="false" MonopolyAccess="false">
      <Security Format="PBKDF2:0" Key="V62YwEd8lzqGK5rvNKC3Fyr6pmU=" Salt="sJzuPh6pj3gVTe+p5qsDEh842mU=" />
      <Settings>{"Culture":"enUs","SoundEnabled":false,"SoundAlarmId":"alarm.wav","SoundWarningId":"warning.wav","ThemeId":"blueshift","Timezone":"server"}</Settings>
    </User>
    <User Name="VIEWER" Id="EEB2800C-893D-4FB1-BB99-502F6E6CF2E2" RoleId="ZmOFOMm1" Origin="Web" MustChangePassword="false" MonopolyAccess="false">
      <Security Format="PBKDF2:0" Key="kztgU6OyFN9OUDri/JDDRCFt6pc=" Salt="Pd4Fgk2xMVrb7ee5i7R1XGLTd7M=" />
      <Settings>{"Culture":"enUs","SoundEnabled":false,"SoundAlarmId":"alarm.wav","SoundWarningId":"warning.wav","ThemeId":"blueshift","Timezone":"server"}</Settings>
    </User>
  </Users>
</root>