<?xml version="1.0" encoding="utf-8"?>
<root xmlns:xsi="http://www.w3.org/2001/XMLSchema-instance" xmlns:xsd="http://www.w3.org/2001/XMLSchema">
  <Settings Version="1.1" />
  <Dashboards>
    <Settings>{"mainDashboardId":"","type":"diagnostics"}</Settings>
    <Dashboard Id="yd61qpwo" Alias="SMART PLANT MONITORING" ObjectId="" SourceId="" SourceType="">
      <Settings>{"layout":{"id":"yd61qpwo","alias":"Dashboard","parentId":"","settings":{"grid":{"float":true,"cellWidth":10,"cellHeight":10},"margin":{"t":0,"r":0,"b":0,"l":0},"layout":[{"x":0,"y":0,"w":191,"h":85,"id":"ds4tupg9"}]},"type":"GridLayout"},"width":1920,"devicesMap":{}}</Settings>
      <Nodes>
        <Node Id="ds4tupg9" Type="Card" Alias="Free Layout 1" ParentId="yd61qpwo">
          <Settings>{"layout":{"id":"ds4tupg9","alias":"","parentId":"yd61qpwo","settings":{"layout":[{"x":5,"y":9,"w":1910.9999389648438,"h":833,"id":"gfrr87g8"},{"x":376,"y":214,"w":271,"h":194,"id":"8r0j1rbd"},{"x":0,"y":0,"w":100,"h":100,"id":"vw7lrknt"},{"x":669.0000410079956,"y":217,"w":260,"h":190,"id":"w7ndtl0z"},{"x":951,"y":213,"w":263,"h":195,"id":"1uf4o4h0"},{"x":1250,"y":542,"w":516,"h":218,"id":"1a7zhyhl"},{"x":1252,"y":219,"w":541,"h":257,"id":"rswdmgoj"},{"x":1404,"y":217,"w":77,"h":44,"id":"qs0dbg7q"},{"x":1418,"y":503,"w":180,"h":34,"id":"9lz7c1cv"}]},"type":"FreeLayout"},"width":955,"height":540,"opacity":1,"alarmBorder":true,"tooltipOn":true,"customTooltip":false,"tooltipText":"","errorIcon":true,"visible":true,"visibleConditions":{"enabled":false,"parameters":[{"parameter":"","values":[{"valueType":"other","condition":"eq","value":""}]}]},"lock":false,"lockInRuntime":false,"lockConditions":{"enabled":false,"parameters":[{"parameter":"","values":[{"valueType":"other","condition":"eq","value":""}]}]}}</Settings>
        </Node>
        <Node Id="gfrr87g8" Type="Widget" Alias="Image 1" ParentId="ds4tupg9">
          <Settings>{"widgetId":"Image","properties":{"image":"C64OuUYP"},"alarmBorder":false}</Settings>
        </Node>
        <Node Id="8r0j1rbd" Type="Widget" Alias="TEMPERATURE" ParentId="ds4tupg9">
          <Settings>{"widgetId":"DonutGauge","properties":{"parameter":"x3l2qFUL"}}</Settings>
        </Node>
        <Node Id="vw7lrknt" Type="Widget" Alias="Custom_Widget 1" ParentId="ds4tupg9">
          <Settings>{"widgetId":"iuqlm6fr","template":"WidgetCombined","alarmBorder":false,"type":"Custom"}</Settings>
        </Node>
        <Node Id="w7ndtl0z" Type="Widget" Alias="SOIL" ParentId="ds4tupg9">
          <Settings>{"widgetId":"DonutGauge","properties":{"parameter":"91b6WQtP"}}</Settings>
        </Node>
        <Node Id="1uf4o4h0" Type="Widget" Alias="LIGHT" ParentId="ds4tupg9">
          <Settings>{"widgetId":"BarGauge","properties":{"parameter":"exw7hvzS"}}</Settings>
        </Node>
        <Node Id="1a7zhyhl" Type="Widget" Alias="Multi Live Trend 1" ParentId="ds4tupg9">
          <Settings>{"widgetId":"MultiLiveTrend","properties":{"showLegend":false,"parameters":[{"parameter":"x3l2qFUL","seriesType":"filled"},{"parameter":"exw7hvzS","seriesType":"filled"},{"parameter":"91b6WQtP","seriesType":"filled"}]},"alarmBorder":false}</Settings>
        </Node>
        <Node Id="rswdmgoj" Type="Widget" Alias="Bars 1" ParentId="ds4tupg9">
          <Settings>{"widgetId":"Bars","properties":{"parameters":[{"parameter":"x3l2qFUL"}],"showLegend":false,"legendLabel":""},"alarmBorder":false,"type":"Custom"}</Settings>
        </Node>
        <Node Id="qs0dbg7q" Type="Widget" Alias="Text Note 1" ParentId="ds4tupg9">
          <Settings>{"widgetId":"TextNote","properties":{"text":"Temperature"},"alarmBorder":false}</Settings>
        </Node>
        <Node Id="9lz7c1cv" Type="Widget" Alias="Text Note 2" ParentId="ds4tupg9">
          <Settings>{"widgetId":"TextNote","properties":{"text":"&lt;b&gt;DATA 3 PARAMETER&lt;/b&gt;"},"alarmBorder":false}</Settings>
        </Node>
      </Nodes>
    </Dashboard>
  </Dashboards>
</root>