<?xml version="1.0" encoding="utf-8"?>
<root xmlns:xsd="http://www.w3.org/2001/XMLSchema" xmlns:xsi="http://www.w3.org/2001/XMLSchema-instance">
  <Templates>
    <Template Id="i7PfA5" Alias="SB70">
      <Group Type="bit" Group="255" ShowInList="true">
        <Item Id="dfaee0" Address="1001" Alias="Connect" Access="R" />
        <Item Id="jN7mxx" Address="1002" Alias="Started" Access="R" />
      </Group>
      <Group Type="bit" Group="200" ShowInList="true">
        <Item Id="yfID45" Address="16" Alias="DI_0_100" Access="R" />
        <Item Id="iGi2kP" Address="17" Alias="DI_0_101" Access="R" />
        <Item Id="aVNB0x" Address="18" Alias="DI_0_102" Access="R" />
        <Item Id="QPiuaJ" Address="1000" Alias="Remote_DO_Interface" Access="R/W" />
        <Item Id="3iAXXS" Address="1001" Alias="Remote_DO_0_3" Access="R/W" />
      </Group>
    </Template>
    <Template Id="BkWXFD" Alias="SB70-16DI">
      <Group Type="bit" Group="255" ShowInList="true">
        <Item Id="1qFBNX" Address="1001" Alias="Connect" Access="R" />
        <Item Id="Im4RcM" Address="1002" Alias="Started" Access="R" />
      </Group>
      <Group Type="bit" Group="200" ShowInList="true">
        <Item Id="i6sqM5" Address="0" Alias="DI_1_00" Access="R" />
        <Item Id="caX3Mn" Address="1" Alias="DI_1_01" Access="R" />
        <Item Id="mcycgU" Address="2" Alias="DI_1_02" Access="R" />
        <Item Id="TTTKzL" Address="3" Alias="DI_1_03" Access="R" />
        <Item Id="Avf3Q8" Address="4" Alias="DI_1_04" Access="R" />
        <Item Id="kCqEZy" Address="5" Alias="DI_1_05" Access="R" />
        <Item Id="A3qXDE" Address="6" Alias="DI_1_06" Access="R" />
        <Item Id="dsWdrY" Address="7" Alias="DI_1_07" Access="R" />
        <Item Id="gfAy2v" Address="8" Alias="DI_1_08" Access="R" />
        <Item Id="vZhBcv" Address="9" Alias="DI_1_09" Access="R" />
        <Item Id="YWXQSc" Address="10" Alias="DI_1_10" Access="R" />
        <Item Id="6OcTW5" Address="11" Alias="DI_1_11" Access="R" />
        <Item Id="WODq8F" Address="12" Alias="DI_1_12" Access="R" />
        <Item Id="sXK6u2" Address="13" Alias="DI_1_13" Access="R" />
        <Item Id="JznaPr" Address="14" Alias="DI_1_14" Access="R" />
        <Item Id="WJNCEQ" Address="15" Alias="DI_1_15" Access="R" />
        <Item Id="axjF1M" Address="16" Alias="DI_0_100" Access="R" />
        <Item Id="jXwcZW" Address="17" Alias="DI_0_101" Access="R" />
        <Item Id="v1av77" Address="18" Alias="DI_0_102" Access="R" />
        <Item Id="0Rqook" Address="1000" Alias="Remote_DO_Interface" Access="R/W" />
        <Item Id="2xRHCn" Address="1001" Alias="Remote_DO_0_3" Access="R/W" />
      </Group>
    </Template>
    <Template Id="jfW4Ji" Alias="SB70-16DIDO">
      <Group Type="bit" Group="255" ShowInList="true">
        <Item Id="6eTiF4" Address="1001" Alias="Connect" Access="R" />
        <Item Id="MalFjY" Address="1002" Alias="Started" Access="R" />
      </Group>
      <Group Type="bit" Group="200" ShowInList="true">
        <Item Id="OxOkbU" Address="0" Alias="DI_1_00" Access="R" />
        <Item Id="rwvwP7" Address="1" Alias="DI_1_01" Access="R" />
        <Item Id="u9IHMS" Address="2" Alias="DI_1_02" Access="R" />
        <Item Id="InHqDw" Address="3" Alias="DI_1_03" Access="R" />
        <Item Id="3g74kY" Address="4" Alias="DI_1_04" Access="R" />
        <Item Id="b5yZbw" Address="5" Alias="DI_1_05" Access="R" />
        <Item Id="Xv1Dww" Address="6" Alias="DI_1_06" Access="R" />
        <Item Id="5CZwRI" Address="7" Alias="DI_1_07" Access="R" />
        <Item Id="vkwK5L" Address="8" Alias="DI_1_08" Access="R" />
        <Item Id="d9w2aB" Address="9" Alias="DI_1_09" Access="R" />
        <Item Id="datuE4" Address="10" Alias="DI_1_10" Access="R" />
        <Item Id="UG1RyL" Address="11" Alias="DI_1_11" Access="R" />
        <Item Id="0doBJP" Address="12" Alias="DI_1_12" Access="R" />
        <Item Id="cY8A8H" Address="13" Alias="DI_1_13" Access="R" />
        <Item Id="dWpANM" Address="14" Alias="DI_1_14" Access="R" />
        <Item Id="rPDqxy" Address="15" Alias="DI_1_15" Access="R" />
        <Item Id="j0TxSM" Address="16" Alias="DI_0_100" Access="R" />
        <Item Id="PE377V" Address="17" Alias="DI_0_101" Access="R" />
        <Item Id="YsDL3n" Address="18" Alias="DI_0_102" Access="R" />
        <Item Id="FmZWxb" Address="1000" Alias="Remote_DO_Interface" Access="R/W" />
        <Item Id="n4pCX1" Address="1001" Alias="Remote_DO_0_3" Access="R/W" />
        <Item Id="rpxSdN" Address="20" Alias="DO_1_00" Access="R/W" />
        <Item Id="bVBTyc" Address="21" Alias="DO_1_01" Access="R/W" />
        <Item Id="IziZSt" Address="22" Alias="DO_1_02" Access="R/W" />
        <Item Id="xgtuGq" Address="23" Alias="DO_1_03" Access="R/W" />
        <Item Id="zHcU16" Address="24" Alias="DO_1_04" Access="R/W" />
        <Item Id="ByHxIA" Address="25" Alias="DO_1_05" Access="R/W" />
        <Item Id="MNmc55" Address="26" Alias="DO_1_06" Access="R/W" />
        <Item Id="3n6Jsb" Address="27" Alias="DO_1_07" Access="R/W" />
        <Item Id="pB0Rgb" Address="28" Alias="DO_1_08" Access="R/W" />
        <Item Id="hp5Kx4" Address="29" Alias="DO_1_09" Access="R/W" />
        <Item Id="0LGSg7" Address="30" Alias="DO_1_10" Access="R/W" />
        <Item Id="TYoeLt" Address="31" Alias="DO_1_11" Access="R/W" />
        <Item Id="1nB2Nu" Address="32" Alias="DO_1_12" Access="R/W" />
        <Item Id="I130sY" Address="33" Alias="DO_1_13" Access="R/W" />
        <Item Id="IWeusU" Address="34" Alias="DO_1_14" Access="R/W" />
        <Item Id="9z61Q6" Address="35" Alias="DO_1_15" Access="R/W" />
      </Group>
    </Template>
    <Template Id="CB2auw" Alias="SB70-Diag">
      <Group Type="bit" Group="255" ShowInList="true">
        <Item Id="mPT9HR" Address="1001" Alias="Connect" Access="R" />
        <Item Id="KtwaqZ" Address="1002" Alias="Started" Access="R" />
      </Group>
      <Group Type="bit" Group="200" ShowInList="true">
        <Item Id="aLiO0e" Address="16" Alias="DI_0_100" Access="R" />
        <Item Id="Mh239t" Address="17" Alias="DI_0_101" Access="R" />
        <Item Id="83ep3X" Address="18" Alias="DI_0_102" Access="R" />
        <Item Id="ekRwFA" Address="1000" Alias="Remote_DO_Interface" Access="R/W" />
        <Item Id="19xuil" Address="1001" Alias="Remote_DO_0_3" Access="R/W" />
      </Group>
      <Group Type="float" Group="250" ShowInList="true">
        <Item Id="4zyppI" Address="0" Alias="TotalStarts" Access="R" />
        <Item Id="XxPoo6" Address="1" Alias="CPU_Temperature" Access="R" />
        <Item Id="LsVbId" Address="2" Alias="MB_Temperature" Access="R" />
        <Item Id="dfhjef" Address="3" Alias="Voltage_EU" Access="R" />
        <Item Id="ZetbJZ" Address="4" Alias="Radio_RSSI" Access="R" />
        <Item Id="kCjok5" Address="5" Alias="Radio_Reboots" Access="R" />
      </Group>
    </Template>
    <Template Id="NopBIU" Alias="SB70-16DI-Diag">
      <Group Type="bit" Group="255" ShowInList="true">
        <Item Id="TZlmrw" Address="1001" Alias="Connect" Access="R" />
        <Item Id="xxgt4M" Address="1002" Alias="Started" Access="R" />
      </Group>
      <Group Type="bit" Group="200" ShowInList="true">
        <Item Id="dkOGVu" Address="0" Alias="DI_1_00" Access="R" />
        <Item Id="JugtQn" Address="1" Alias="DI_1_01" Access="R" />
        <Item Id="QAYLKJ" Address="2" Alias="DI_1_02" Access="R" />
        <Item Id="bs3bkl" Address="3" Alias="DI_1_03" Access="R" />
        <Item Id="XcVGH3" Address="4" Alias="DI_1_04" Access="R" />
        <Item Id="adKfBX" Address="5" Alias="DI_1_05" Access="R" />
        <Item Id="S6Jaj9" Address="6" Alias="DI_1_06" Access="R" />
        <Item Id="jk5QJj" Address="7" Alias="DI_1_07" Access="R" />
        <Item Id="9D4xWT" Address="8" Alias="DI_1_08" Access="R" />
        <Item Id="WiVbiv" Address="9" Alias="DI_1_09" Access="R" />
        <Item Id="osMplw" Address="10" Alias="DI_1_10" Access="R" />
        <Item Id="rz1k1t" Address="11" Alias="DI_1_11" Access="R" />
        <Item Id="pHPtRE" Address="12" Alias="DI_1_12" Access="R" />
        <Item Id="6nhyXS" Address="13" Alias="DI_1_13" Access="R" />
        <Item Id="nsusae" Address="14" Alias="DI_1_14" Access="R" />
        <Item Id="zccg51" Address="15" Alias="DI_1_15" Access="R" />
        <Item Id="vOK9aN" Address="16" Alias="DI_0_100" Access="R" />
        <Item Id="cp1Ava" Address="17" Alias="DI_0_101" Access="R" />
        <Item Id="QJjMJz" Address="18" Alias="DI_0_102" Access="R" />
        <Item Id="MHobf1" Address="1000" Alias="Remote_DO_Interface" Access="R/W" />
        <Item Id="qxvKAn" Address="1001" Alias="Remote_DO_0_3" Access="R/W" />
      </Group>
      <Group Type="float" Group="250" ShowInList="true">
        <Item Id="8eStTk" Address="0" Alias="TotalStarts" Access="R" />
        <Item Id="jsP1kk" Address="1" Alias="CPU_Temperature" Access="R" />
        <Item Id="0wleOe" Address="2" Alias="MB_Temperature" Access="R" />
        <Item Id="r5vRqh" Address="3" Alias="Voltage_EU" Access="R" />
        <Item Id="1czxhi" Address="4" Alias="Radio_RSSI" Access="R" />
        <Item Id="bPZ2sv" Address="5" Alias="Radio_Reboots" Access="R" />
      </Group>
    </Template>
    <Template Id="JQBTwD" Alias="SB70-16DIDO-Diag">
      <Group Type="bit" Group="255" ShowInList="true">
        <Item Id="lPKbAf" Address="1001" Alias="Connect" Access="R" />
        <Item Id="kUYav6" Address="1002" Alias="Started" Access="R" />
      </Group>
      <Group Type="bit" Group="200" ShowInList="true">
        <Item Id="CUu69L" Address="0" Alias="DI_1_00" Access="R" />
        <Item Id="PTmZE5" Address="1" Alias="DI_1_01" Access="R" />
        <Item Id="gJ9uk6" Address="2" Alias="DI_1_02" Access="R" />
        <Item Id="QgkAr9" Address="3" Alias="DI_1_03" Access="R" />
        <Item Id="rWGaSy" Address="4" Alias="DI_1_04" Access="R" />
        <Item Id="RBsO39" Address="5" Alias="DI_1_05" Access="R" />
        <Item Id="ui2FLR" Address="6" Alias="DI_1_06" Access="R" />
        <Item Id="fT49Fz" Address="7" Alias="DI_1_07" Access="R" />
        <Item Id="MknKql" Address="8" Alias="DI_1_08" Access="R" />
        <Item Id="Y9NSHT" Address="9" Alias="DI_1_09" Access="R" />
        <Item Id="a3PJPS" Address="10" Alias="DI_1_10" Access="R" />
        <Item Id="Os6Yk7" Address="11" Alias="DI_1_11" Access="R" />
        <Item Id="1Ok2rd" Address="12" Alias="DI_1_12" Access="R" />
        <Item Id="uC4bll" Address="13" Alias="DI_1_13" Access="R" />
        <Item Id="GO3rT3" Address="14" Alias="DI_1_14" Access="R" />
        <Item Id="JC9k64" Address="15" Alias="DI_1_15" Access="R" />
        <Item Id="yqehMl" Address="16" Alias="DI_0_100" Access="R" />
        <Item Id="mw0ppD" Address="17" Alias="DI_0_101" Access="R" />
        <Item Id="PXoEl1" Address="18" Alias="DI_0_102" Access="R" />
        <Item Id="VgGON2" Address="1000" Alias="Remote_DO_Interface" Access="R/W" />
        <Item Id="LhtOGk" Address="1001" Alias="Remote_DO_0_3" Access="R/W" />
        <Item Id="XFD56K" Address="20" Alias="DO_1_00" Access="R/W" />
        <Item Id="3Wcnga" Address="21" Alias="DO_1_01" Access="R/W" />
        <Item Id="EMlyaK" Address="22" Alias="DO_1_02" Access="R/W" />
        <Item Id="wLdI4L" Address="23" Alias="DO_1_03" Access="R/W" />
        <Item Id="jljGLy" Address="24" Alias="DO_1_04" Access="R/W" />
        <Item Id="lm6a9R" Address="25" Alias="DO_1_05" Access="R/W" />
        <Item Id="YWOnyq" Address="26" Alias="DO_1_06" Access="R/W" />
        <Item Id="jMNcfN" Address="27" Alias="DO_1_07" Access="R/W" />
        <Item Id="XuhY27" Address="28" Alias="DO_1_08" Access="R/W" />
        <Item Id="onSxjV" Address="29" Alias="DO_1_09" Access="R/W" />
        <Item Id="PX1Soe" Address="30" Alias="DO_1_10" Access="R/W" />
        <Item Id="sXAVJs" Address="31" Alias="DO_1_11" Access="R/W" />
        <Item Id="qU0eFQ" Address="32" Alias="DO_1_12" Access="R/W" />
        <Item Id="d4dnos" Address="33" Alias="DO_1_13" Access="R/W" />
        <Item Id="5ngugj" Address="34" Alias="DO_1_14" Access="R/W" />
        <Item Id="VG0eOb" Address="35" Alias="DO_1_15" Access="R/W" />
      </Group>
      <Group Type="float" Group="250" ShowInList="true">
        <Item Id="oY8bJ2" Address="0" Alias="TotalStarts" Access="R" />
        <Item Id="ssFbKS" Address="1" Alias="CPU_Temperature" Access="R" />
        <Item Id="6nJxgz" Address="2" Alias="MB_Temperature" Access="R" />
        <Item Id="KSUIOF" Address="3" Alias="Voltage_EU" Access="R" />
        <Item Id="0HaqTM" Address="4" Alias="Radio_RSSI" Access="R" />
        <Item Id="J3OIem" Address="5" Alias="Radio_Reboots" Access="R" />
      </Group>
    </Template>
    <Template Id="ERhmqc" Alias="SB70-MB">
      <Group Type="bit" Group="255" ShowInList="true">
        <Item Id="BLDaIa" Address="1001" Alias="Connect" Access="R" />
        <Item Id="Gn2BTt" Address="1002" Alias="Started" Access="R" />
      </Group>
      <Group Type="bit" Group="200" ShowInList="true">
        <Item Id="DzyGMJ" Address="16" Alias="DI_0_100" Access="R" />
        <Item Id="h2b0VL" Address="17" Alias="DI_0_101" Access="R" />
        <Item Id="pKsv0N" Address="18" Alias="DI_0_102" Access="R" />
        <Item Id="WZ2Pgv" Address="1000" Alias="Remote_DO_Interface" Access="R/W" />
        <Item Id="oRGQKW" Address="1001" Alias="Remote_DO_0_3" Access="R/W" />
      </Group>
      <Group Type="bit" Group="201" ShowInList="true">
        <Item Id="UdJBbF" Address="0" Alias="ModbusTCP1_LC_00000" Access="R/W" />
        <Item Id="F6NACU" Address="1" Alias="ModbusTCP1_LC_00001" Access="R/W" />
        <Item Id="h7pIco" Address="2" Alias="ModbusTCP1_LC_00002" Access="R/W" />
        <Item Id="dPWMNA" Address="3" Alias="ModbusTCP1_LC_00003" Access="R/W" />
        <Item Id="xfIjQu" Address="4" Alias="ModbusTCP1_LC_00004" Access="R/W" />
        <Item Id="XqMEOk" Address="5" Alias="ModbusTCP1_LC_00005" Access="R/W" />
        <Item Id="rxekmF" Address="6" Alias="ModbusTCP1_LC_00006" Access="R/W" />
        <Item Id="I9zxiY" Address="7" Alias="ModbusTCP1_LC_00007" Access="R/W" />
        <Item Id="zb122R" Address="8" Alias="ModbusTCP1_LC_00008" Access="R/W" />
        <Item Id="20GgGy" Address="9" Alias="ModbusTCP1_LC_00009" Access="R/W" />
        <Item Id="Y6BCNl" Address="10" Alias="ModbusTCP1_DI_00000" Access="R" />
        <Item Id="pkZinI" Address="11" Alias="ModbusTCP1_DI_00001" Access="R" />
        <Item Id="QWXq7p" Address="12" Alias="ModbusTCP1_DI_00002" Access="R" />
        <Item Id="0XbZX9" Address="13" Alias="ModbusTCP1_DI_00003" Access="R" />
        <Item Id="aXp0rW" Address="14" Alias="ModbusTCP1_DI_00004" Access="R" />
        <Item Id="Or2D1N" Address="15" Alias="ModbusTCP1_DI_00005" Access="R" />
        <Item Id="2DVjcp" Address="16" Alias="ModbusTCP1_DI_00006" Access="R" />
        <Item Id="0yzmAi" Address="17" Alias="ModbusTCP1_DI_00007" Access="R" />
        <Item Id="2KiC83" Address="18" Alias="ModbusTCP1_DI_00008" Access="R" />
        <Item Id="EE7B14" Address="19" Alias="ModbusTCP1_DI_00009" Access="R" />
      </Group>
      <Group Type="float" Group="201" ShowInList="true">
        <Item Id="dNkdXn" Address="0" Alias="ModbusRTU1_HRF_00000" Access="R/W" />
        <Item Id="Hky6yf" Address="1" Alias="ModbusRTU1_HRF_00002" Access="R/W" />
        <Item Id="ZWZHR5" Address="2" Alias="ModbusRTU1_HRF_00004" Access="R" />
        <Item Id="bk5Ss3" Address="3" Alias="ModbusRTU1_HRF_00006" Access="R" />
        <Item Id="wQw2KW" Address="4" Alias="ModbusRTU1_HRF_00008" Access="R" />
      </Group>
      <Group Type="uint16" Group="201" ShowInList="true">
        <Item Id="f4k9PU" Address="0" Alias="ModbusRTU1_IR_00000" Access="R" />
        <Item Id="xJgiVh" Address="1" Alias="ModbusRTU1_IR_00001" Access="R" />
        <Item Id="QpSUGz" Address="2" Alias="ModbusRTU1_IR_00002" Access="R" />
        <Item Id="R7mZmx" Address="3" Alias="ModbusRTU1_IR_00003" Access="R" />
        <Item Id="qC05zA" Address="4" Alias="ModbusRTU1_IR_00004" Access="R" />
        <Item Id="qyvFNO" Address="5" Alias="ModbusRTU1_IR_00005" Access="R" />
        <Item Id="vfNOhx" Address="6" Alias="ModbusRTU1_IR_00006" Access="R" />
        <Item Id="RVVr8l" Address="7" Alias="ModbusRTU1_IR_00007" Access="R" />
        <Item Id="M6yA4y" Address="8" Alias="ModbusRTU1_IR_00008" Access="R" />
        <Item Id="kVuBbS" Address="9" Alias="ModbusRTU1_IR_00009" Access="R" />
      </Group>
    </Template>
    <Template Id="KrpiDN" Alias="SB70-16DI-MB">
      <Group Type="bit" Group="255" ShowInList="true">
        <Item Id="K8RfOw" Address="1001" Alias="Connect" Access="R" />
        <Item Id="ZiJe76" Address="1002" Alias="Started" Access="R" />
      </Group>
      <Group Type="bit" Group="200" ShowInList="true">
        <Item Id="tEBOXq" Address="0" Alias="DI_1_00" Access="R" />
        <Item Id="wDD7uK" Address="1" Alias="DI_1_01" Access="R" />
        <Item Id="HOyK4v" Address="2" Alias="DI_1_02" Access="R" />
        <Item Id="cpftRc" Address="3" Alias="DI_1_03" Access="R" />
        <Item Id="zjdFQ8" Address="4" Alias="DI_1_04" Access="R" />
        <Item Id="V8MIsA" Address="5" Alias="DI_1_05" Access="R" />
        <Item Id="3qylff" Address="6" Alias="DI_1_06" Access="R" />
        <Item Id="Iqzjur" Address="7" Alias="DI_1_07" Access="R" />
        <Item Id="c2ycQ5" Address="8" Alias="DI_1_08" Access="R" />
        <Item Id="ZxYJkF" Address="9" Alias="DI_1_09" Access="R" />
        <Item Id="DUHzpu" Address="10" Alias="DI_1_10" Access="R" />
        <Item Id="AVJpPQ" Address="11" Alias="DI_1_11" Access="R" />
        <Item Id="ucb9L4" Address="12" Alias="DI_1_12" Access="R" />
        <Item Id="meAid8" Address="13" Alias="DI_1_13" Access="R" />
        <Item Id="wnhDix" Address="14" Alias="DI_1_14" Access="R" />
        <Item Id="U8BtSH" Address="15" Alias="DI_1_15" Access="R" />
        <Item Id="LhCtWm" Address="16" Alias="DI_0_100" Access="R" />
        <Item Id="9qsscY" Address="17" Alias="DI_0_101" Access="R" />
        <Item Id="KzgSQC" Address="18" Alias="DI_0_102" Access="R" />
        <Item Id="021S31" Address="1000" Alias="Remote_DO_Interface" Access="R/W" />
        <Item Id="pf5PyS" Address="1001" Alias="Remote_DO_0_3" Access="R/W" />
      </Group>
      <Group Type="bit" Group="201" ShowInList="true">
        <Item Id="YiGq1X" Address="0" Alias="ModbusTCP1_LC_00000" Access="R/W" />
        <Item Id="njBnML" Address="1" Alias="ModbusTCP1_LC_00001" Access="R/W" />
        <Item Id="MiXIEa" Address="2" Alias="ModbusTCP1_LC_00002" Access="R/W" />
        <Item Id="sEXxbv" Address="3" Alias="ModbusTCP1_LC_00003" Access="R/W" />
        <Item Id="sTuuat" Address="4" Alias="ModbusTCP1_LC_00004" Access="R/W" />
        <Item Id="BKiZsQ" Address="5" Alias="ModbusTCP1_LC_00005" Access="R/W" />
        <Item Id="ggOdVa" Address="6" Alias="ModbusTCP1_LC_00006" Access="R/W" />
        <Item Id="BMmeGz" Address="7" Alias="ModbusTCP1_LC_00007" Access="R/W" />
        <Item Id="noidfr" Address="8" Alias="ModbusTCP1_LC_00008" Access="R/W" />
        <Item Id="0D6nox" Address="9" Alias="ModbusTCP1_LC_00009" Access="R/W" />
        <Item Id="qdfN1N" Address="10" Alias="ModbusTCP1_DI_00000" Access="R" />
        <Item Id="9jCEzS" Address="11" Alias="ModbusTCP1_DI_00001" Access="R" />
        <Item Id="srQVhp" Address="12" Alias="ModbusTCP1_DI_00002" Access="R" />
        <Item Id="xisCdc" Address="13" Alias="ModbusTCP1_DI_00003" Access="R" />
        <Item Id="J7Hvpq" Address="14" Alias="ModbusTCP1_DI_00004" Access="R" />
        <Item Id="3p2cCT" Address="15" Alias="ModbusTCP1_DI_00005" Access="R" />
        <Item Id="M6H9t9" Address="16" Alias="ModbusTCP1_DI_00006" Access="R" />
        <Item Id="Kp0OTc" Address="17" Alias="ModbusTCP1_DI_00007" Access="R" />
        <Item Id="adbxHG" Address="18" Alias="ModbusTCP1_DI_00008" Access="R" />
        <Item Id="l1T02F" Address="19" Alias="ModbusTCP1_DI_00009" Access="R" />
      </Group>
      <Group Type="float" Group="201" ShowInList="true">
        <Item Id="84AdfQ" Address="0" Alias="ModbusRTU1_HRF_00000" Access="R/W" />
        <Item Id="hxDx0G" Address="1" Alias="ModbusRTU1_HRF_00002" Access="R/W" />
        <Item Id="pHJCjR" Address="2" Alias="ModbusRTU1_HRF_00004" Access="R" />
        <Item Id="zPlxGy" Address="3" Alias="ModbusRTU1_HRF_00006" Access="R" />
        <Item Id="CFS5cD" Address="4" Alias="ModbusRTU1_HRF_00008" Access="R" />
      </Group>
      <Group Type="uint16" Group="201" ShowInList="true">
        <Item Id="Z7WGof" Address="0" Alias="ModbusRTU1_IR_00000" Access="R" />
        <Item Id="ksyTHJ" Address="1" Alias="ModbusRTU1_IR_00001" Access="R" />
        <Item Id="XF9yAe" Address="2" Alias="ModbusRTU1_IR_00002" Access="R" />
        <Item Id="ENYnZc" Address="3" Alias="ModbusRTU1_IR_00003" Access="R" />
        <Item Id="F0hXuO" Address="4" Alias="ModbusRTU1_IR_00004" Access="R" />
        <Item Id="8dNFaj" Address="5" Alias="ModbusRTU1_IR_00005" Access="R" />
        <Item Id="5f6ikS" Address="6" Alias="ModbusRTU1_IR_00006" Access="R" />
        <Item Id="YHmjhU" Address="7" Alias="ModbusRTU1_IR_00007" Access="R" />
        <Item Id="fdUZwI" Address="8" Alias="ModbusRTU1_IR_00008" Access="R" />
        <Item Id="ppHCZZ" Address="9" Alias="ModbusRTU1_IR_00009" Access="R" />
      </Group>
    </Template>
    <Template Id="gX7lyQ" Alias="SB70-16DIDO-MB">
      <Group Type="bit" Group="255" ShowInList="true">
        <Item Id="hDRyaO" Address="1001" Alias="Connect" Access="R" />
        <Item Id="V6WgqC" Address="1002" Alias="Started" Access="R" />
      </Group>
      <Group Type="bit" Group="200" ShowInList="true">
        <Item Id="LgfSew" Address="0" Alias="DI_1_00" Access="R" />
        <Item Id="R4MY9U" Address="1" Alias="DI_1_01" Access="R" />
        <Item Id="ytZtOh" Address="2" Alias="DI_1_02" Access="R" />
        <Item Id="zsWKPB" Address="3" Alias="DI_1_03" Access="R" />
        <Item Id="ndT4E6" Address="4" Alias="DI_1_04" Access="R" />
        <Item Id="zsQk3M" Address="5" Alias="DI_1_05" Access="R" />
        <Item Id="sxmGsi" Address="6" Alias="DI_1_06" Access="R" />
        <Item Id="h10VfZ" Address="7" Alias="DI_1_07" Access="R" />
        <Item Id="RqEN6Y" Address="8" Alias="DI_1_08" Access="R" />
        <Item Id="Q29eJz" Address="9" Alias="DI_1_09" Access="R" />
        <Item Id="fgQ00m" Address="10" Alias="DI_1_10" Access="R" />
        <Item Id="rFcPVF" Address="11" Alias="DI_1_11" Access="R" />
        <Item Id="mDVcjG" Address="12" Alias="DI_1_12" Access="R" />
        <Item Id="AaMSAQ" Address="13" Alias="DI_1_13" Access="R" />
        <Item Id="NLW8Wy" Address="14" Alias="DI_1_14" Access="R" />
        <Item Id="zpYwzt" Address="15" Alias="DI_1_15" Access="R" />
        <Item Id="FDOdbe" Address="16" Alias="DI_0_100" Access="R" />
        <Item Id="yqW5Ma" Address="17" Alias="DI_0_101" Access="R" />
        <Item Id="1jAZqN" Address="18" Alias="DI_0_102" Access="R" />
        <Item Id="VE9U6j" Address="1000" Alias="Remote_DO_Interface" Access="R/W" />
        <Item Id="z7ARFi" Address="1001" Alias="Remote_DO_0_3" Access="R/W" />
        <Item Id="VpEeCM" Address="20" Alias="DO_1_00" Access="R/W" />
        <Item Id="GFb4z6" Address="21" Alias="DO_1_01" Access="R/W" />
        <Item Id="ChRad6" Address="22" Alias="DO_1_02" Access="R/W" />
        <Item Id="YHBTBv" Address="23" Alias="DO_1_03" Access="R/W" />
        <Item Id="YXvQTI" Address="24" Alias="DO_1_04" Access="R/W" />
        <Item Id="ZoScWP" Address="25" Alias="DO_1_05" Access="R/W" />
        <Item Id="e9gXUH" Address="26" Alias="DO_1_06" Access="R/W" />
        <Item Id="H0RAJp" Address="27" Alias="DO_1_07" Access="R/W" />
        <Item Id="Am0YL6" Address="28" Alias="DO_1_08" Access="R/W" />
        <Item Id="vbZJ6M" Address="29" Alias="DO_1_09" Access="R/W" />
        <Item Id="NvWO5l" Address="30" Alias="DO_1_10" Access="R/W" />
        <Item Id="MdTcd3" Address="31" Alias="DO_1_11" Access="R/W" />
        <Item Id="HyTzPi" Address="32" Alias="DO_1_12" Access="R/W" />
        <Item Id="xZx4P3" Address="33" Alias="DO_1_13" Access="R/W" />
        <Item Id="HeZ9oH" Address="34" Alias="DO_1_14" Access="R/W" />
        <Item Id="8G2Uk2" Address="35" Alias="DO_1_15" Access="R/W" />
      </Group>
      <Group Type="bit" Group="201" ShowInList="true">
        <Item Id="ZymNnt" Address="0" Alias="ModbusTCP1_LC_00000" Access="R/W" />
        <Item Id="l8m20y" Address="1" Alias="ModbusTCP1_LC_00001" Access="R/W" />
        <Item Id="qZ5FAU" Address="2" Alias="ModbusTCP1_LC_00002" Access="R/W" />
        <Item Id="3Wr4un" Address="3" Alias="ModbusTCP1_LC_00003" Access="R/W" />
        <Item Id="hh3EmF" Address="4" Alias="ModbusTCP1_LC_00004" Access="R/W" />
        <Item Id="3VPSfs" Address="5" Alias="ModbusTCP1_LC_00005" Access="R/W" />
        <Item Id="KsCXVv" Address="6" Alias="ModbusTCP1_LC_00006" Access="R/W" />
        <Item Id="eYgoal" Address="7" Alias="ModbusTCP1_LC_00007" Access="R/W" />
        <Item Id="rX0ybx" Address="8" Alias="ModbusTCP1_LC_00008" Access="R/W" />
        <Item Id="9BNPN2" Address="9" Alias="ModbusTCP1_LC_00009" Access="R/W" />
        <Item Id="zylDhA" Address="10" Alias="ModbusTCP1_DI_00000" Access="R" />
        <Item Id="vv7cGY" Address="11" Alias="ModbusTCP1_DI_00001" Access="R" />
        <Item Id="xc7pyA" Address="12" Alias="ModbusTCP1_DI_00002" Access="R" />
        <Item Id="qwKkgm" Address="13" Alias="ModbusTCP1_DI_00003" Access="R" />
        <Item Id="TH84ur" Address="14" Alias="ModbusTCP1_DI_00004" Access="R" />
        <Item Id="iawxD0" Address="15" Alias="ModbusTCP1_DI_00005" Access="R" />
        <Item Id="eeBUrq" Address="16" Alias="ModbusTCP1_DI_00006" Access="R" />
        <Item Id="UZHSPQ" Address="17" Alias="ModbusTCP1_DI_00007" Access="R" />
        <Item Id="iMckPh" Address="18" Alias="ModbusTCP1_DI_00008" Access="R" />
        <Item Id="Ni2uD5" Address="19" Alias="ModbusTCP1_DI_00009" Access="R" />
      </Group>
      <Group Type="float" Group="201" ShowInList="true">
        <Item Id="MRuRmX" Address="0" Alias="ModbusRTU1_HRF_00000" Access="R/W" />
        <Item Id="3UZba4" Address="1" Alias="ModbusRTU1_HRF_00002" Access="R/W" />
        <Item Id="O89ALE" Address="2" Alias="ModbusRTU1_HRF_00004" Access="R" />
        <Item Id="QObkdY" Address="3" Alias="ModbusRTU1_HRF_00006" Access="R" />
        <Item Id="7MnVOq" Address="4" Alias="ModbusRTU1_HRF_00008" Access="R" />
      </Group>
      <Group Type="uint16" Group="201" ShowInList="true">
        <Item Id="CzQiXH" Address="0" Alias="ModbusRTU1_IR_00000" Access="R" />
        <Item Id="ogdQHG" Address="1" Alias="ModbusRTU1_IR_00001" Access="R" />
        <Item Id="IbzHgR" Address="2" Alias="ModbusRTU1_IR_00002" Access="R" />
        <Item Id="lQF3nl" Address="3" Alias="ModbusRTU1_IR_00003" Access="R" />
        <Item Id="GelF67" Address="4" Alias="ModbusRTU1_IR_00004" Access="R" />
        <Item Id="RwXn6M" Address="5" Alias="ModbusRTU1_IR_00005" Access="R" />
        <Item Id="URFXe2" Address="6" Alias="ModbusRTU1_IR_00006" Access="R" />
        <Item Id="A4QhHe" Address="7" Alias="ModbusRTU1_IR_00007" Access="R" />
        <Item Id="7KYUgI" Address="8" Alias="ModbusRTU1_IR_00008" Access="R" />
        <Item Id="MUd2Kg" Address="9" Alias="ModbusRTU1_IR_00009" Access="R" />
      </Group>
    </Template>
    <Template Id="V4AOvk" Alias="SB70-16MIX">
      <Group Type="bit" Group="255" ShowInList="true">
        <Item Id="a0oRPu" Address="1001" Alias="Connect" Access="R" />
        <Item Id="HJybLd" Address="1002" Alias="Started" Access="R" />
      </Group>
      <Group Type="bit" Group="200" ShowInList="true">
        <Item Id="Z9Ak7B" Address="0" Alias="DI_1_00" Access="R" />
        <Item Id="q1Fw1B" Address="1" Alias="DI_1_01" Access="R" />
        <Item Id="dIkM0x" Address="2" Alias="DI_1_02" Access="R" />
        <Item Id="B392KA" Address="3" Alias="DI_1_03" Access="R" />
        <Item Id="gZcmzc" Address="4" Alias="DI_1_04" Access="R" />
        <Item Id="uEmSBb" Address="5" Alias="DI_1_05" Access="R" />
        <Item Id="GW9n6w" Address="6" Alias="DI_1_06" Access="R" />
        <Item Id="EgvK1L" Address="7" Alias="DI_1_07" Access="R" />
        <Item Id="sVymdM" Address="8" Alias="DI_1_08" Access="R" />
        <Item Id="gMFccz" Address="9" Alias="DI_1_09" Access="R" />
        <Item Id="xrBp5W" Address="10" Alias="DI_1_10" Access="R" />
        <Item Id="dTdLF5" Address="11" Alias="DI_1_11" Access="R" />
        <Item Id="6WA9hw" Address="12" Alias="DI_1_12" Access="R" />
        <Item Id="rH9NPQ" Address="13" Alias="DI_1_13" Access="R" />
        <Item Id="AsUSiI" Address="14" Alias="DI_1_14" Access="R" />
        <Item Id="uw6K9Y" Address="15" Alias="DI_1_15" Access="R" />
        <Item Id="nAwUFq" Address="16" Alias="DI_0_100" Access="R" />
        <Item Id="05n4xf" Address="17" Alias="DI_0_101" Access="R" />
        <Item Id="mey2AO" Address="18" Alias="DI_0_102" Access="R" />
        <Item Id="bsURm8" Address="20" Alias="DO_1_00" Access="R/W" />
        <Item Id="XV3bJh" Address="21" Alias="DO_1_01" Access="R/W" />
        <Item Id="1X8xBo" Address="22" Alias="DO_1_02" Access="R/W" />
        <Item Id="xkkDYR" Address="23" Alias="DO_1_03" Access="R/W" />
        <Item Id="WU8UEg" Address="24" Alias="DO_1_04" Access="R/W" />
        <Item Id="meoaDF" Address="25" Alias="DO_1_05" Access="R/W" />
        <Item Id="JuQgpB" Address="26" Alias="DO_1_06" Access="R/W" />
        <Item Id="6QFQ0J" Address="27" Alias="DO_1_07" Access="R/W" />
      </Group>
      <Group Type="float" Group="200" ShowInList="true">
        <Item Id="ByTVRP" Address="0" Alias="AI_1_08" Access="R" />
        <Item Id="M9Vrnz" Address="1" Alias="AI_1_09" Access="R" />
        <Item Id="8A8DI8" Address="2" Alias="AI_1_10" Access="R" />
        <Item Id="QR9S8N" Address="3" Alias="AI_1_11" Access="R" />
        <Item Id="68OAxf" Address="4" Alias="AI_1_12" Access="R" />
        <Item Id="eN0uqc" Address="5" Alias="AI_1_13" Access="R" />
        <Item Id="9BKiI4" Address="6" Alias="AI_1_14" Access="R" />
        <Item Id="iMdpVW" Address="7" Alias="AI_1_15" Access="R" />
      </Group>
    </Template>
  </Templates>
</root>