{
  "Description": "Main theme in 'Dark' style",
  "Entities": [
    {
      "Name": "main_toolbar_background_color",
      "Color": "#3e414a",
      "Description": "mainToolbarBackgroundColor",
      "Custom": null,
      "Use": null
    },
    {
      "Name": "main_toolbar_text_color",
      "Color": "#ffffff",
      "Description": "mainToolbarTextColor",
      "Custom": null,
      "Use": null
    },
    {
      "Name": "body_background_color",
      "Color": "#474a55",
      "Description": "bodyBackgroundColor",
      "Custom": null,
      "Use": null
    },
    {
      "Name": "card_background_color",
      "Color": "#5b5e6a",
      "Description": "cardBackgroundColor",
      "Custom": null,
      "Use": null
    },
    {
      "Name": "card_text_color",
      "Color": "#E0E0E0",
      "Description": "cardTextColor",
      "Custom": null,
      "Use": null
    },
    {
      "Name": "event_log_acknowledged_background_color",
      "Color": "#ADD8E6",
      "Description": "eventLogAcknowledgedBackgroundColor",
      "Custom": null,
      "Use": null
    },
    {
      "Name": "event_log_acknowledged_text_color",
      "Color": "#ffffff",
      "Description": "eventLogAcknowledgedTextColor",
      "Custom": null,
      "Use": null
    },
    {
      "Name": "event_log_alarm_background_color",
      "Color": "#f08080",
      "Description": "eventLogAlarmBackgroundColor",
      "Custom": null,
      "Use": null
    },
    {
      "Name": "event_log_alarm_acknowledged_alarmed_background_color",
      "Color": "#f0808085",
      "Description": "eventLogAlarmAcknowledgedAlarmedColor",
      "Custom": null,
      "Use": null
    },
    {
      "Name": "event_log_alarm_non_acknowledged_non_alarmed_background_color",
      "Color": "#f0808040",
      "Description": "eventLogAlarmNonAcknowledgedNonAlarmedBackgroundColor",
      "Custom": null,
      "Use": null
    },
    {
      "Name": "event_log_alarm_text_color",
      "Color": "#ffffff",
      "Description": "eventLogAlarmTextColor",
      "Custom": null,
      "Use": null
    },
    {
      "Name": "event_log_warning_background_color",
      "Color": "#F2C037",
      "Description": "eventLogWarningBackgroundColor",
      "Custom": null,
      "Use": null
    },
    {
      "Name": "event_log_warning_acknowledged_alarmed_background_color",
      "Color": "#F2C03785",
      "Description": "eventLogWarningAcknowledgedAlarmedBackgroundColor",
      "Custom": null,
      "Use": null
    },
    {
      "Name": "event_log_warning_non_acknowledged_non_alarmed_background_color",
      "Color": "#F2C03740",
      "Description": "eventLogWarningNonAcknowledgedNonAlarmedBackgroundColor",
      "Custom": null,
      "Use": null
    },
    {
      "Name": "event_log_warning_text_color",
      "Color": "#ffffff",
      "Description": "eventLogWarningTextColor",
      "Custom": null,
      "Use": null
    },
    {
      "Name": "event_log_inform_background_color",
      "Color": "#5b5e6a",
      "Description": "eventLogInformBackgroundColor",
      "Custom": null,
      "Use": null
    },
    {
      "Name": "event_log_inform_text_color",
      "Color": "#ffffff",
      "Description": "eventLogInformTextColor",
      "Custom": null,
      "Use": null
    },
    {
      "Name": "event_log_command_background_color",
      "Color": "#ADD8E6",
      "Description": "eventLogCommandBackgroundColor",
      "Custom": null,
      "Use": null
    },
    {
      "Name": "event_log_command_text_color",
      "Color": "#ffffff",
      "Description": "eventLogCommandTextColor",
      "Custom": null,
      "Use": null
    },
    {
      "Name": "alarm_log_background_color",
      "Color": "#5b5e6a",
      "Description": "alarmLogBackgroundColor",
      "Custom": null,
      "Use": null
    },
    {
      "Name": "alarm_log_text_color",
      "Color": "#e0e0e0",
      "Description": "alarmLogTextColor",
      "Custom": null,
      "Use": null
    },
    {
      "Name": "menu_background_color",
      "Color": "#5b5e6a",
      "Description": "menuBackgroundColor",
      "Custom": null,
      "Use": null
    },
    {
      "Name": "menu_text_color",
      "Color": "#ffffff",
      "Description": "menuTextColor",
      "Custom": null,
      "Use": null
    },
    {
      "Name": "badge_positive_color",
      "Color": "#21BA45",
      "Description": "badgePositiveColor",
      "Custom": null,
      "Use": null
    },
    {
      "Name": "badge_warning_color",
      "Color": "#F2C037",
      "Description": "badgeWarningColor",
      "Custom": null,
      "Use": null
    },
    {
      "Name": "badge_alarm_color",
      "Color": "#db2828",
      "Description": "badgeAlarmColor",
      "Custom": null,
      "Use": null
    },
    {
      "Name": "badge_neutral_color",
      "Color": "#9e9e9e",
      "Description": "badgeNeutralColor",
      "Custom": null,
      "Use": null
    },
    {
      "Name": "badge_primary_color",
      "Color": "#21BA45",
      "Description": "badgePrimaryColor",
      "Custom": null,
      "Use": null
    },
    {
      "Name": "common_selected_item_background_color",
      "Color": "#797b83",
      "Description": "commonSelectedItemBackgroundColor",
      "Custom": null,
      "Use": null
    },
    {
      "Name": "common_separator_line_color",
      "Color": "#ffffff",
      "Description": "commonSeparatorLineColor",
      "Custom": null,
      "Use": null
    },
    {
      "Name": "common_chip_color",
      "Color": "#9e9e9e",
      "Description": "commonChipColor",
      "Custom": null,
      "Use": null
    },
    {
      "Name": "common_primary_color",
      "Color": "#45d85e",
      "Description": "commonPrimaryColor",
      "Custom": null,
      "Use": null
    },
    {
      "Name": "common_positive_color",
      "Color": "#45d85e",
      "Description": "commonPositiveColor",
      "Custom": null,
      "Use": null
    },
    {
      "Name": "common_negative_color",
      "Color": "#db2828",
      "Description": "commonNegativeColor",
      "Custom": null,
      "Use": null
    },
    {
      "Name": "common_warning_color",
      "Color": "#f2c037",
      "Description": "commonWarningColor",
      "Custom": null,
      "Use": null
    },
    {
      "Name": "notify_alarm_background_color",
      "Color": "#db2828",
      "Description": "notifyAlarmBackgroundColor",
      "Custom": null,
      "Use": null
    },
    {
      "Name": "notify_alarm_text_color",
      "Color": "#ffffff",
      "Description": "notifyAlarmTextColor",
      "Custom": null,
      "Use": null
    },
    {
      "Name": "notify_warning_background_color",
      "Color": "#f2c037",
      "Description": "notifyWarningBackgroundColor",
      "Custom": null,
      "Use": null
    },
    {
      "Name": "notify_warning_text_color",
      "Color": "#ffffff",
      "Description": "notifyWarningTextColor",
      "Custom": null,
      "Use": null
    },
    {
      "Name": "notify_inform_background_color",
      "Color": "#81c784",
      "Description": "notifyInformBackgroundColor",
      "Custom": null,
      "Use": null
    },
    {
      "Name": "notify_inform_text_color",
      "Color": "#ffffff",
      "Description": "notifyInformTextColor",
      "Custom": null,
      "Use": null
    },
    {
      "Name": "widget_alarm_background_color",
      "Color": "#DB2828",
      "Description": "widgetAlarmBackgroundColor",
      "Custom": null,
      "Use": null
    },
    {
      "Name": "widget_alarm_text_on_background_color",
      "Color": "#ffffff",
      "Description": "widgetAlarmTextOnBackgroundColor",
      "Custom": null,
      "Use": null
    },
    {
      "Name": "widget_alarm_text_color",
      "Color": "#DB2828",
      "Description": "widgetAlarmTextColor",
      "Custom": null,
      "Use": null
    },
    {
      "Name": "widget_alarm_calm_background_color",
      "Color": "#616161",
      "Description": "widgetAlarmCalmBackgroundColor",
      "Custom": null,
      "Use": null
    },
    {
      "Name": "widget_alarm_calm_text_on_background_color",
      "Color": "#E0E0E0",
      "Description": "widgetAlarmCalmTextOnBackgroundColor",
      "Custom": null,
      "Use": null
    },
    {
      "Name": "widget_alarm_calm_text_color",
      "Color": "#E0E0E0",
      "Description": "widgetAlarmCalmTextColor",
      "Custom": null,
      "Use": null
    },
    {
      "Name": "widget_warning_background_color",
      "Color": "#F2C037",
      "Description": "widgetWarningBackgroundColor",
      "Custom": null,
      "Use": null
    },
    {
      "Name": "widget_warning_text_on_background_color",
      "Color": "#ffffff",
      "Description": "widgetWarningTextOnBackgroundColor",
      "Custom": null,
      "Use": null
    },
    {
      "Name": "widget_warning_text_color",
      "Color": "#F2C037",
      "Description": "widgetWarningTextColor",
      "Custom": null,
      "Use": null
    },
    {
      "Name": "widget_warning_calm_background_color",
      "Color": "#9e9e9e",
      "Description": "widgetWarningCalmBackgroundColor",
      "Custom": null,
      "Use": null
    },
    {
      "Name": "widget_warning_calm_text_on_background_color",
      "Color": "#E0E0E0",
      "Description": "widgetWarningCalmTextOnBackgroundColor",
      "Custom": null,
      "Use": null
    },
    {
      "Name": "widget_warning_calm_text_color",
      "Color": "#E0E0E0",
      "Description": "widgetWarningCalmTextColor",
      "Custom": null,
      "Use": null
    },
    {
      "Name": "widget_normal_background_color",
      "Color": "#EEEEEE",
      "Description": "widgetNormalBackgroundColor",
      "Custom": null,
      "Use": null
    },
    {
      "Name": "widget_normal_text_on_background_color",
      "Color": "#37474f",
      "Description": "widgetNormalTextOnBackgroundColor",
      "Custom": null,
      "Use": null
    },
    {
      "Name": "widget_normal_text_color",
      "Color": "#e0e0e0",
      "Description": "widgetNormalTextColor",
      "Custom": null,
      "Use": null
    },
    {
      "Name": "widget_normal_calm_background_color",
      "Color": "#bdbdbd",
      "Description": "widgetNormalCalmBackgroundColor",
      "Custom": null,
      "Use": null
    },
    {
      "Name": "widget_normal_calm_text_on_background_color",
      "Color": "#E0E0E0",
      "Description": "widgetNormalCalmTextOnBackgroundColor",
      "Custom": null,
      "Use": null
    },
    {
      "Name": "widget_normal_calm_text_color",
      "Color": "#E0E0E0",
      "Description": "widgetNormalCalmTextColor",
      "Custom": null,
      "Use": null
    },
    {
      "Name": "widget_stroke_color",
      "Color": "#ACACAC",
      "Description": "widgetStrokeColor",
      "Custom": null,
      "Use": null
    },
    {
      "Name": "widget_pointer_color",
      "Color": "#CBCBCB",
      "Description": "widgetPointerColor",
      "Custom": null,
      "Use": null
    },
    {
      "Name": "widget_pointer_fill_color",
      "Color": "#ACACAC",
      "Description": "widgetPointerFillColor",
      "Custom": null,
      "Use": null
    },
    {
      "Name": "widget_toggle_on_background_color",
      "Color": "#4CAF50",
      "Description": "widgetToggleOnBackgroundColor",
      "Custom": null,
      "Use": null
    },
    {
      "Name": "widget_toggle_on_text_color",
      "Color": "#E0E0E0",
      "Description": "widgetToggleOnTextColor",
      "Custom": null,
      "Use": null
    },
    {
      "Name": "widget_toggle_off_background_color",
      "Color": "#4CAF50",
      "Description": "widgetToggleOffBackgroundColor",
      "Custom": null,
      "Use": null
    },
    {
      "Name": "widget_toggle_off_text_color",
      "Color": "#E0E0E0",
      "Description": "widgetToggleOffTextColor",
      "Custom": null,
      "Use": null
    },
    {
      "Name": "widget_button_background_color",
      "Color": "#777777",
      "Description": "widgetButtonBackgroundColor",
      "Custom": null,
      "Use": null
    },
    {
      "Name": "widget_button_text_color",
      "Color": "#ffffff",
      "Description": "widgetButtonTextColor",
      "Custom": null,
      "Use": null
    },
    {
      "Name": "widget_button_pressed_background_color",
      "Color": "#4CAF50",
      "Description": "widgetButtonPressedBackgroundColor",
      "Custom": null,
      "Use": null
    },
    {
      "Name": "widget_button_pressed_text_color",
      "Color": "#ffffff",
      "Description": "widgetButtonPressedTextColor",
      "Custom": null,
      "Use": null
    }
  ]
}