<?xml version="1.0" encoding="utf-8"?>
<root xmlns:xsi="http://www.w3.org/2001/XMLSchema-instance" xmlns:xsd="http://www.w3.org/2001/XMLSchema">
  <Images>
    <Image Id="HHgyH3fr" Alias="TERBARU" Width="1919" Height="1078" Size="264580" Hash="8E8974B0CFFAE3422930AA247E0702E9" Extension=".png" UserId="ABFD575E-51F9-4A14-95CF-23D841516E46" Shared="false" />
    <Image Id="LsKsjZVy" Alias="BACKKK" Width="2731" Height="1276" Size="481930" Hash="26C4809B777D2E89D1B6A16425D89806" Extension=".png" UserId="ABFD575E-51F9-4A14-95CF-23D841516E46" Shared="false" />
    <Image Id="6nulyIQU" Alias="TERAKHIRR" Width="2731" Height="1276" Size="451111" Hash="8F14B195F6C1D82E44C5E2CE709B9CA9" Extension=".png" UserId="ABFD575E-51F9-4A14-95CF-23D841516E46" Shared="false" />
    <Image Id="fnpWiPwC" Alias="TERBARU" Width="1919" Height="1078" Size="264580" Hash="8E8974B0CFFAE3422930AA247E0702E9" Extension=".png" UserId="EEB2800C-893D-4FB1-BB99-502F6E6CF2E2" Shared="false" />
    <Image Id="m50pXU4m" Alias="BACKKK" Width="2731" Height="1276" Size="481930" Hash="26C4809B777D2E89D1B6A16425D89806" Extension=".png" UserId="EEB2800C-893D-4FB1-BB99-502F6E6CF2E2" Shared="false" />
    <Image Id="C64OuUYP" Alias="TERAKHIRR" Width="2731" Height="1276" Size="451111" Hash="8F14B195F6C1D82E44C5E2CE709B9CA9" Extension=".png" UserId="EEB2800C-893D-4FB1-BB99-502F6E6CF2E2" Shared="false" />
  </Images>
  <Sounds />
</root>