<?xml version="1.0" encoding="utf-8"?>
<root xmlns:xsi="http://www.w3.org/2001/XMLSchema-instance" xmlns:xsd="http://www.w3.org/2001/XMLSchema">
  <Settings Version="1.1" />
  <Dashboards>
    <Settings>{"mainDashboardId":"","type":"diagnostics"}</Settings>
    <Dashboard Id="irVv5qLf" Alias="SMART PLANT MONITORING" ObjectId="" ParentId="" SourceId="" SourceType="">
      <Settings>{"layout":{"id":"irVv5qLf","alias":"Dashboard","parentId":"","settings":{"grid":{"float":true,"cellWidth":10,"cellHeight":10},"margin":{"t":0,"r":0,"b":0,"l":0},"layout":[{"x":0,"y":0,"w":191,"h":85,"id":"reFi1cmd"}]},"type":"GridLayout"},"width":1920,"devicesMap":{}}</Settings>
      <Nodes>
        <Node Id="reFi1cmd" Type="Card" Alias="Free Layout 1" ParentId="irVv5qLf">
          <Settings>{"layout":{"id":"reFi1cmd","alias":"","parentId":"irVv5qLf","settings":{"layout":[{"x":5,"y":9,"w":1910.9999389648438,"h":833,"id":"Ntgzk6BC"},{"x":376,"y":214,"w":271,"h":194,"id":"0ymjzXCC"},{"x":0,"y":0,"w":100,"h":100,"id":"sP0aWvdz"},{"x":669.0000410079956,"y":217,"w":260,"h":190,"id":"lpsvWC8n"},{"x":951,"y":213,"w":263,"h":195,"id":"sxm2aOwA"},{"x":1250,"y":542,"w":516,"h":218,"id":"JIKH6qmP"},{"x":1252,"y":219,"w":541,"h":257,"id":"ftbQPAHC"},{"x":1404,"y":217,"w":77,"h":44,"id":"xO5cndJg"},{"x":1418,"y":503,"w":180,"h":34,"id":"iOJ9YiX6"}]},"type":"FreeLayout"},"width":955,"height":540,"opacity":1,"alarmBorder":true,"tooltipOn":true,"customTooltip":false,"tooltipText":"","errorIcon":true,"visible":true,"visibleConditions":{"enabled":false,"parameters":[{"parameter":"","values":[{"valueType":"other","condition":"eq","value":""}]}]},"lock":false,"lockInRuntime":false,"lockConditions":{"enabled":false,"parameters":[{"parameter":"","values":[{"valueType":"other","condition":"eq","value":""}]}]}}</Settings>
        </Node>
        <Node Id="Ntgzk6BC" Type="Widget" Alias="Image 1" ParentId="reFi1cmd">
          <Settings>{"widgetId":"Image","properties":{"image":"6nulyIQU"},"alarmBorder":false}</Settings>
        </Node>
        <Node Id="0ymjzXCC" Type="Widget" Alias="TEMPERATURE" ParentId="reFi1cmd">
          <Settings>{"widgetId":"DonutGauge","properties":{"parameter":"x3l2qFUL"}}</Settings>
        </Node>
        <Node Id="sP0aWvdz" Type="Widget" Alias="Custom_Widget 1" ParentId="reFi1cmd">
          <Settings>{"widgetId":"iuqlm6fr","template":"WidgetCombined","alarmBorder":false,"type":"Custom"}</Settings>
        </Node>
        <Node Id="lpsvWC8n" Type="Widget" Alias="SOIL" ParentId="reFi1cmd">
          <Settings>{"widgetId":"DonutGauge","properties":{"parameter":"91b6WQtP"}}</Settings>
        </Node>
        <Node Id="sxm2aOwA" Type="Widget" Alias="LIGHT" ParentId="reFi1cmd">
          <Settings>{"widgetId":"BarGauge","properties":{"parameter":"exw7hvzS"}}</Settings>
        </Node>
        <Node Id="JIKH6qmP" Type="Widget" Alias="Multi Live Trend 1" ParentId="reFi1cmd">
          <Settings>{"widgetId":"MultiLiveTrend","properties":{"showLegend":false,"parameters":[{"parameter":"x3l2qFUL","seriesType":"filled"},{"parameter":"exw7hvzS","seriesType":"filled"},{"parameter":"91b6WQtP","seriesType":"filled"}]},"alarmBorder":false}</Settings>
        </Node>
        <Node Id="ftbQPAHC" Type="Widget" Alias="Bars 1" ParentId="reFi1cmd">
          <Settings>{"widgetId":"Bars","properties":{"parameters":[{"parameter":"x3l2qFUL"}],"showLegend":false,"legendLabel":""},"alarmBorder":false,"type":"Custom"}</Settings>
        </Node>
        <Node Id="xO5cndJg" Type="Widget" Alias="Text Note 1" ParentId="reFi1cmd">
          <Settings>{"widgetId":"TextNote","properties":{"text":"Temperature"},"alarmBorder":false}</Settings>
        </Node>
        <Node Id="iOJ9YiX6" Type="Widget" Alias="Text Note 2" ParentId="reFi1cmd">
          <Settings>{"widgetId":"TextNote","properties":{"text":"&lt;b&gt;DATA 3 PARAMETER&lt;/b&gt;"},"alarmBorder":false}</Settings>
        </Node>
      </Nodes>
    </Dashboard>
  </Dashboards>
</root>