<?xml version="1.0" encoding="utf-8"?>
<Settings xmlns:xsi="http://www.w3.org/2001/XMLSchema-instance" xmlns:xsd="http://www.w3.org/2001/XMLSchema">
  <Tables>
    <Table Name="ArchiveItemsDiscrete">
      <Intervals>
        <Interval Name="2025-08-06 00:30:00" Records="0" ReadTime="0" />
        <Interval Name="2025-08-06 00:25:00" Records="0" ReadTime="0" />
        <Interval Name="2025-08-06 00:20:00" Records="0" ReadTime="0" />
        <Interval Name="2025-08-06 00:15:00" Records="0" ReadTime="0" />
        <Interval Name="2025-08-06 00:10:00" Records="0" ReadTime="0" />
        <Interval Name="2025-08-06 00:05:00" Records="0" ReadTime="0" />
        <Interval Name="2025-08-06 00:00:00" Records="0" ReadTime="0" />
        <Interval Name="2025-08-05 23:55:00" Records="0" ReadTime="0" />
        <Interval Name="2025-08-05 23:50:00" Records="0" ReadTime="0" />
        <Interval Name="2025-08-05 23:45:00" Records="0" ReadTime="0" />
        <Interval Name="2025-08-05 23:40:00" Records="0" ReadTime="0" />
        <Interval Name="2025-08-05 23:35:00" Records="0" ReadTime="0" />
        <Interval Name="2025-08-05 23:30:00" Records="0" ReadTime="0" />
        <Interval Name="2025-08-05 23:25:00" Records="0" ReadTime="0" />
        <Interval Name="2025-08-05 23:20:00" Records="0" ReadTime="0" />
        <Interval Name="2025-08-05 23:15:00" Records="0" ReadTime="0" />
        <Interval Name="2025-08-05 23:10:00" Records="0" ReadTime="0" />
        <Interval Name="2025-08-05 23:05:00" Records="0" ReadTime="0" />
        <Interval Name="2025-08-05 23:00:00" Records="0" ReadTime="0" />
        <Interval Name="2025-08-05 22:55:00" Records="0" ReadTime="0" />
        <Interval Name="2025-08-05 22:50:00" Records="0" ReadTime="0" />
        <Interval Name="2025-08-05 22:45:00" Records="0" ReadTime="0" />
        <Interval Name="2025-08-05 22:40:00" Records="0" ReadTime="0" />
        <Interval Name="2025-08-05 22:35:00" Records="0" ReadTime="0" />
        <Interval Name="2025-08-05 22:30:00" Records="0" ReadTime="0" />
        <Interval Name="2025-08-05 22:25:00" Records="0" ReadTime="0" />
        <Interval Name="2025-08-05 22:20:00" Records="0" ReadTime="0" />
        <Interval Name="2025-08-05 22:15:00" Records="0" ReadTime="0" />
        <Interval Name="2025-08-05 22:10:00" Records="0" ReadTime="0" />
        <Interval Name="2025-08-05 22:05:00" Records="0" ReadTime="0" />
        <Interval Name="2025-08-05 22:00:00" Records="0" ReadTime="0" />
        <Interval Name="2025-08-05 21:55:00" Records="0" ReadTime="0" />
        <Interval Name="2025-08-05 21:50:00" Records="0" ReadTime="0" />
        <Interval Name="2025-08-05 21:45:00" Records="0" ReadTime="0" />
        <Interval Name="2025-08-05 21:40:00" Records="0" ReadTime="0" />
        <Interval Name="2025-08-05 21:35:00" Records="0" ReadTime="0" />
        <Interval Name="2025-08-05 21:30:00" Records="0" ReadTime="0" />
        <Interval Name="2025-08-05 21:25:00" Records="0" ReadTime="0" />
        <Interval Name="2025-08-05 21:20:00" Records="0" ReadTime="0" />
        <Interval Name="2025-08-05 21:15:00" Records="0" ReadTime="0" />
        <Interval Name="2025-08-05 21:10:00" Records="0" ReadTime="0" />
        <Interval Name="2025-08-05 21:05:00" Records="0" ReadTime="0" />
        <Interval Name="2025-08-05 21:00:00" Records="0" ReadTime="0" />
        <Interval Name="2025-08-05 20:55:00" Records="0" ReadTime="0" />
        <Interval Name="2025-08-05 20:50:00" Records="0" ReadTime="0" />
        <Interval Name="2025-08-05 20:45:00" Records="0" ReadTime="0" />
        <Interval Name="2025-08-05 20:40:00" Records="0" ReadTime="0" />
        <Interval Name="2025-08-05 20:35:00" Records="0" ReadTime="0" />
        <Interval Name="2025-08-05 20:30:00" Records="0" ReadTime="0" />
        <Interval Name="2025-08-05 20:25:00" Records="0" ReadTime="0" />
        <Interval Name="2025-08-05 20:20:00" Records="0" ReadTime="0" />
        <Interval Name="2025-08-05 20:15:00" Records="0" ReadTime="0" />
        <Interval Name="2025-08-05 20:10:00" Records="0" ReadTime="0" />
        <Interval Name="2025-08-05 20:05:00" Records="0" ReadTime="0" />
        <Interval Name="2025-08-05 20:00:00" Records="0" ReadTime="0" />
        <Interval Name="2025-08-05 19:55:00" Records="0" ReadTime="0" />
        <Interval Name="2025-08-05 19:50:00" Records="0" ReadTime="0" />
        <Interval Name="2025-08-05 19:45:00" Records="0" ReadTime="0" />
        <Interval Name="2025-08-05 19:40:00" Records="0" ReadTime="0" />
        <Interval Name="2025-08-05 19:35:00" Records="0" ReadTime="0" />
        <Interval Name="2025-08-05 19:30:00" Records="0" ReadTime="0" />
        <Interval Name="2025-08-05 19:25:00" Records="0" ReadTime="0" />
        <Interval Name="2025-08-05 19:20:00" Records="0" ReadTime="0" />
        <Interval Name="2025-08-05 19:15:00" Records="0" ReadTime="0" />
        <Interval Name="2025-08-05 19:10:00" Records="0" ReadTime="0" />
        <Interval Name="2025-08-05 19:05:00" Records="0" ReadTime="0" />
        <Interval Name="2025-08-05 19:00:00" Records="0" ReadTime="0" />
        <Interval Name="2025-08-05 18:55:00" Records="0" ReadTime="0" />
        <Interval Name="2025-08-05 18:50:00" Records="0" ReadTime="0" />
        <Interval Name="2025-08-05 18:45:00" Records="0" ReadTime="0" />
        <Interval Name="2025-08-05 18:40:00" Records="0" ReadTime="0" />
        <Interval Name="2025-08-05 18:35:00" Records="0" ReadTime="0" />
        <Interval Name="2025-08-05 18:30:00" Records="0" ReadTime="0" />
        <Interval Name="2025-08-05 18:25:00" Records="0" ReadTime="0" />
        <Interval Name="2025-08-05 18:20:00" Records="0" ReadTime="0" />
        <Interval Name="2025-08-05 18:15:00" Records="0" ReadTime="0" />
        <Interval Name="2025-08-05 18:10:00" Records="0" ReadTime="0" />
        <Interval Name="2025-08-05 18:05:00" Records="0" ReadTime="0" />
        <Interval Name="2025-08-05 18:00:00" Records="0" ReadTime="0" />
        <Interval Name="2025-08-05 17:55:00" Records="0" ReadTime="0" />
        <Interval Name="2025-08-05 17:50:00" Records="0" ReadTime="0" />
        <Interval Name="2025-08-05 17:45:00" Records="0" ReadTime="0" />
        <Interval Name="2025-08-05 17:40:00" Records="0" ReadTime="0" />
        <Interval Name="2025-08-05 17:35:00" Records="0" ReadTime="0" />
        <Interval Name="2025-08-05 17:30:00" Records="0" ReadTime="0" />
        <Interval Name="2025-08-05 17:25:00" Records="0" ReadTime="0" />
        <Interval Name="2025-08-05 17:20:00" Records="0" ReadTime="0" />
        <Interval Name="2025-08-05 17:15:00" Records="0" ReadTime="0" />
        <Interval Name="2025-08-05 17:10:00" Records="0" ReadTime="0" />
        <Interval Name="2025-08-05 17:05:00" Records="0" ReadTime="0" />
        <Interval Name="2025-08-05 17:00:00" Records="0" ReadTime="0" />
        <Interval Name="2025-08-05 16:55:00" Records="0" ReadTime="0" />
        <Interval Name="2025-08-05 16:50:00" Records="0" ReadTime="0" />
        <Interval Name="2025-08-05 16:45:00" Records="0" ReadTime="0" />
        <Interval Name="2025-08-05 16:40:00" Records="0" ReadTime="0" />
        <Interval Name="2025-08-05 16:35:00" Records="0" ReadTime="0" />
      </Intervals>
    </Table>
    <Table Name="ArchiveItemsFloat">
      <Intervals>
        <Interval Name="2025-08-06 00:30:00" Records="0" ReadTime="0" />
        <Interval Name="2025-08-06 00:25:00" Records="0" ReadTime="0" />
        <Interval Name="2025-08-06 00:20:00" Records="0" ReadTime="0" />
        <Interval Name="2025-08-06 00:15:00" Records="0" ReadTime="0" />
        <Interval Name="2025-08-06 00:10:00" Records="0" ReadTime="0" />
        <Interval Name="2025-08-06 00:05:00" Records="0" ReadTime="0" />
        <Interval Name="2025-08-06 00:00:00" Records="0" ReadTime="0" />
        <Interval Name="2025-08-05 23:55:00" Records="0" ReadTime="0" />
        <Interval Name="2025-08-05 23:50:00" Records="0" ReadTime="0" />
        <Interval Name="2025-08-05 23:45:00" Records="0" ReadTime="0" />
        <Interval Name="2025-08-05 23:40:00" Records="0" ReadTime="0" />
        <Interval Name="2025-08-05 23:35:00" Records="0" ReadTime="0" />
        <Interval Name="2025-08-05 23:30:00" Records="0" ReadTime="0" />
        <Interval Name="2025-08-05 23:25:00" Records="0" ReadTime="0" />
        <Interval Name="2025-08-05 23:20:00" Records="0" ReadTime="0" />
        <Interval Name="2025-08-05 23:15:00" Records="0" ReadTime="0" />
        <Interval Name="2025-08-05 23:10:00" Records="0" ReadTime="0" />
        <Interval Name="2025-08-05 23:05:00" Records="0" ReadTime="0" />
        <Interval Name="2025-08-05 23:00:00" Records="0" ReadTime="0" />
        <Interval Name="2025-08-05 22:55:00" Records="0" ReadTime="0" />
        <Interval Name="2025-08-05 22:50:00" Records="0" ReadTime="0" />
        <Interval Name="2025-08-05 22:45:00" Records="0" ReadTime="0" />
        <Interval Name="2025-08-05 22:40:00" Records="0" ReadTime="0" />
        <Interval Name="2025-08-05 22:35:00" Records="0" ReadTime="0" />
        <Interval Name="2025-08-05 22:30:00" Records="0" ReadTime="0" />
        <Interval Name="2025-08-05 22:25:00" Records="0" ReadTime="0" />
        <Interval Name="2025-08-05 22:20:00" Records="0" ReadTime="0" />
        <Interval Name="2025-08-05 22:15:00" Records="0" ReadTime="0" />
        <Interval Name="2025-08-05 22:10:00" Records="0" ReadTime="0" />
        <Interval Name="2025-08-05 22:05:00" Records="0" ReadTime="0" />
        <Interval Name="2025-08-05 22:00:00" Records="0" ReadTime="0" />
        <Interval Name="2025-08-05 21:55:00" Records="0" ReadTime="0" />
        <Interval Name="2025-08-05 21:50:00" Records="0" ReadTime="0" />
        <Interval Name="2025-08-05 21:45:00" Records="0" ReadTime="0" />
        <Interval Name="2025-08-05 21:40:00" Records="0" ReadTime="0" />
        <Interval Name="2025-08-05 21:35:00" Records="0" ReadTime="0" />
        <Interval Name="2025-08-05 21:30:00" Records="0" ReadTime="0" />
        <Interval Name="2025-08-05 21:25:00" Records="0" ReadTime="0" />
        <Interval Name="2025-08-05 21:20:00" Records="0" ReadTime="0" />
        <Interval Name="2025-08-05 21:15:00" Records="0" ReadTime="0" />
        <Interval Name="2025-08-05 21:10:00" Records="0" ReadTime="0" />
        <Interval Name="2025-08-05 21:05:00" Records="0" ReadTime="0" />
        <Interval Name="2025-08-05 21:00:00" Records="0" ReadTime="0" />
        <Interval Name="2025-08-05 20:55:00" Records="0" ReadTime="0" />
        <Interval Name="2025-08-05 20:50:00" Records="0" ReadTime="0" />
        <Interval Name="2025-08-05 20:45:00" Records="0" ReadTime="0" />
        <Interval Name="2025-08-05 20:40:00" Records="0" ReadTime="0" />
        <Interval Name="2025-08-05 20:35:00" Records="0" ReadTime="0" />
        <Interval Name="2025-08-05 20:30:00" Records="0" ReadTime="0" />
        <Interval Name="2025-08-05 20:25:00" Records="0" ReadTime="0" />
        <Interval Name="2025-08-05 20:20:00" Records="0" ReadTime="0" />
        <Interval Name="2025-08-05 20:15:00" Records="0" ReadTime="0" />
        <Interval Name="2025-08-05 20:10:00" Records="0" ReadTime="0" />
        <Interval Name="2025-08-05 20:05:00" Records="0" ReadTime="0" />
        <Interval Name="2025-08-05 20:00:00" Records="0" ReadTime="0" />
        <Interval Name="2025-08-05 19:55:00" Records="0" ReadTime="0" />
        <Interval Name="2025-08-05 19:50:00" Records="0" ReadTime="0" />
        <Interval Name="2025-08-05 19:45:00" Records="0" ReadTime="0" />
        <Interval Name="2025-08-05 19:40:00" Records="0" ReadTime="0" />
        <Interval Name="2025-08-05 19:35:00" Records="0" ReadTime="0" />
        <Interval Name="2025-08-05 19:30:00" Records="0" ReadTime="0" />
        <Interval Name="2025-08-05 19:25:00" Records="0" ReadTime="0" />
        <Interval Name="2025-08-05 19:20:00" Records="0" ReadTime="0" />
        <Interval Name="2025-08-05 19:15:00" Records="0" ReadTime="0" />
        <Interval Name="2025-08-05 19:10:00" Records="0" ReadTime="0" />
        <Interval Name="2025-08-05 19:05:00" Records="0" ReadTime="0" />
        <Interval Name="2025-08-05 19:00:00" Records="0" ReadTime="0" />
        <Interval Name="2025-08-05 18:55:00" Records="0" ReadTime="0" />
        <Interval Name="2025-08-05 18:50:00" Records="0" ReadTime="0" />
        <Interval Name="2025-08-05 18:45:00" Records="0" ReadTime="0" />
        <Interval Name="2025-08-05 18:40:00" Records="0" ReadTime="0" />
        <Interval Name="2025-08-05 18:35:00" Records="0" ReadTime="0" />
        <Interval Name="2025-08-05 18:30:00" Records="0" ReadTime="0" />
        <Interval Name="2025-08-05 18:25:00" Records="0" ReadTime="0" />
        <Interval Name="2025-08-05 18:20:00" Records="0" ReadTime="0" />
        <Interval Name="2025-08-05 18:15:00" Records="0" ReadTime="0" />
        <Interval Name="2025-08-05 18:10:00" Records="0" ReadTime="0" />
        <Interval Name="2025-08-05 18:05:00" Records="0" ReadTime="0" />
        <Interval Name="2025-08-05 18:00:00" Records="0" ReadTime="0" />
        <Interval Name="2025-08-05 17:55:00" Records="0" ReadTime="0" />
        <Interval Name="2025-08-05 17:50:00" Records="0" ReadTime="0" />
        <Interval Name="2025-08-05 17:45:00" Records="0" ReadTime="0" />
        <Interval Name="2025-08-05 17:40:00" Records="0" ReadTime="0" />
        <Interval Name="2025-08-05 17:35:00" Records="0" ReadTime="0" />
        <Interval Name="2025-08-05 17:30:00" Records="0" ReadTime="0" />
        <Interval Name="2025-08-05 17:25:00" Records="0" ReadTime="0" />
        <Interval Name="2025-08-05 17:20:00" Records="0" ReadTime="0" />
        <Interval Name="2025-08-05 17:15:00" Records="0" ReadTime="0" />
        <Interval Name="2025-08-05 17:10:00" Records="0" ReadTime="0" />
        <Interval Name="2025-08-05 17:05:00" Records="0" ReadTime="0" />
        <Interval Name="2025-08-05 17:00:00" Records="0" ReadTime="0" />
        <Interval Name="2025-08-05 16:55:00" Records="0" ReadTime="0" />
        <Interval Name="2025-08-05 16:50:00" Records="0" ReadTime="0" />
        <Interval Name="2025-08-05 16:45:00" Records="0" ReadTime="0" />
        <Interval Name="2025-08-05 16:40:00" Records="0" ReadTime="0" />
        <Interval Name="2025-08-05 16:35:00" Records="0" ReadTime="0" />
      </Intervals>
    </Table>
    <Table Name="ArchiveItemsFloatHour">
      <Intervals>
        <Interval Name="2025-08-06 00:30:00" Records="0" ReadTime="0" />
        <Interval Name="2025-08-06 00:25:00" Records="0" ReadTime="0" />
        <Interval Name="2025-08-06 00:20:00" Records="0" ReadTime="0" />
        <Interval Name="2025-08-06 00:15:00" Records="0" ReadTime="0" />
        <Interval Name="2025-08-06 00:10:00" Records="0" ReadTime="0" />
        <Interval Name="2025-08-06 00:05:00" Records="0" ReadTime="0" />
        <Interval Name="2025-08-06 00:00:00" Records="0" ReadTime="0" />
        <Interval Name="2025-08-05 23:55:00" Records="0" ReadTime="0" />
        <Interval Name="2025-08-05 23:50:00" Records="0" ReadTime="0" />
        <Interval Name="2025-08-05 23:45:00" Records="0" ReadTime="0" />
        <Interval Name="2025-08-05 23:40:00" Records="0" ReadTime="0" />
        <Interval Name="2025-08-05 23:35:00" Records="0" ReadTime="0" />
        <Interval Name="2025-08-05 23:30:00" Records="0" ReadTime="0" />
        <Interval Name="2025-08-05 23:25:00" Records="0" ReadTime="0" />
        <Interval Name="2025-08-05 23:20:00" Records="0" ReadTime="0" />
        <Interval Name="2025-08-05 23:15:00" Records="0" ReadTime="0" />
        <Interval Name="2025-08-05 23:10:00" Records="0" ReadTime="0" />
        <Interval Name="2025-08-05 23:05:00" Records="0" ReadTime="0" />
        <Interval Name="2025-08-05 23:00:00" Records="0" ReadTime="0" />
        <Interval Name="2025-08-05 22:55:00" Records="0" ReadTime="0" />
        <Interval Name="2025-08-05 22:50:00" Records="0" ReadTime="0" />
        <Interval Name="2025-08-05 22:45:00" Records="0" ReadTime="0" />
        <Interval Name="2025-08-05 22:40:00" Records="0" ReadTime="0" />
        <Interval Name="2025-08-05 22:35:00" Records="0" ReadTime="0" />
        <Interval Name="2025-08-05 22:30:00" Records="0" ReadTime="0" />
        <Interval Name="2025-08-05 22:25:00" Records="0" ReadTime="0" />
        <Interval Name="2025-08-05 22:20:00" Records="0" ReadTime="0" />
        <Interval Name="2025-08-05 22:15:00" Records="0" ReadTime="0" />
        <Interval Name="2025-08-05 22:10:00" Records="0" ReadTime="0" />
        <Interval Name="2025-08-05 22:05:00" Records="0" ReadTime="0" />
        <Interval Name="2025-08-05 22:00:00" Records="0" ReadTime="0" />
        <Interval Name="2025-08-05 21:55:00" Records="0" ReadTime="0" />
        <Interval Name="2025-08-05 21:50:00" Records="0" ReadTime="0" />
        <Interval Name="2025-08-05 21:45:00" Records="0" ReadTime="0" />
        <Interval Name="2025-08-05 21:40:00" Records="0" ReadTime="0" />
        <Interval Name="2025-08-05 21:35:00" Records="0" ReadTime="0" />
        <Interval Name="2025-08-05 21:30:00" Records="0" ReadTime="0" />
        <Interval Name="2025-08-05 21:25:00" Records="0" ReadTime="0" />
        <Interval Name="2025-08-05 21:20:00" Records="0" ReadTime="0" />
        <Interval Name="2025-08-05 21:15:00" Records="0" ReadTime="0" />
        <Interval Name="2025-08-05 21:10:00" Records="0" ReadTime="0" />
        <Interval Name="2025-08-05 21:05:00" Records="0" ReadTime="0" />
        <Interval Name="2025-08-05 21:00:00" Records="0" ReadTime="0" />
        <Interval Name="2025-08-05 20:55:00" Records="0" ReadTime="0" />
        <Interval Name="2025-08-05 20:50:00" Records="0" ReadTime="0" />
        <Interval Name="2025-08-05 20:45:00" Records="0" ReadTime="0" />
        <Interval Name="2025-08-05 20:40:00" Records="0" ReadTime="0" />
        <Interval Name="2025-08-05 20:35:00" Records="0" ReadTime="0" />
        <Interval Name="2025-08-05 20:30:00" Records="0" ReadTime="0" />
        <Interval Name="2025-08-05 20:25:00" Records="0" ReadTime="0" />
        <Interval Name="2025-08-05 20:20:00" Records="0" ReadTime="0" />
        <Interval Name="2025-08-05 20:15:00" Records="0" ReadTime="0" />
        <Interval Name="2025-08-05 20:10:00" Records="0" ReadTime="0" />
        <Interval Name="2025-08-05 20:05:00" Records="0" ReadTime="0" />
        <Interval Name="2025-08-05 20:00:00" Records="0" ReadTime="0" />
        <Interval Name="2025-08-05 19:55:00" Records="0" ReadTime="0" />
        <Interval Name="2025-08-05 19:50:00" Records="0" ReadTime="0" />
        <Interval Name="2025-08-05 19:45:00" Records="0" ReadTime="0" />
        <Interval Name="2025-08-05 19:40:00" Records="0" ReadTime="0" />
        <Interval Name="2025-08-05 19:35:00" Records="0" ReadTime="0" />
        <Interval Name="2025-08-05 19:30:00" Records="0" ReadTime="0" />
        <Interval Name="2025-08-05 19:25:00" Records="0" ReadTime="0" />
        <Interval Name="2025-08-05 19:20:00" Records="0" ReadTime="0" />
        <Interval Name="2025-08-05 19:15:00" Records="0" ReadTime="0" />
        <Interval Name="2025-08-05 19:10:00" Records="0" ReadTime="0" />
        <Interval Name="2025-08-05 19:05:00" Records="0" ReadTime="0" />
        <Interval Name="2025-08-05 19:00:00" Records="0" ReadTime="0" />
        <Interval Name="2025-08-05 18:55:00" Records="0" ReadTime="0" />
        <Interval Name="2025-08-05 18:50:00" Records="0" ReadTime="0" />
        <Interval Name="2025-08-05 18:45:00" Records="0" ReadTime="0" />
        <Interval Name="2025-08-05 18:40:00" Records="0" ReadTime="0" />
        <Interval Name="2025-08-05 18:35:00" Records="0" ReadTime="0" />
        <Interval Name="2025-08-05 18:30:00" Records="0" ReadTime="0" />
        <Interval Name="2025-08-05 18:25:00" Records="0" ReadTime="0" />
        <Interval Name="2025-08-05 18:20:00" Records="0" ReadTime="0" />
        <Interval Name="2025-08-05 18:15:00" Records="0" ReadTime="0" />
        <Interval Name="2025-08-05 18:10:00" Records="0" ReadTime="0" />
        <Interval Name="2025-08-05 18:05:00" Records="0" ReadTime="0" />
        <Interval Name="2025-08-05 18:00:00" Records="0" ReadTime="0" />
        <Interval Name="2025-08-05 17:55:00" Records="0" ReadTime="0" />
        <Interval Name="2025-08-05 17:50:00" Records="0" ReadTime="0" />
        <Interval Name="2025-08-05 17:45:00" Records="0" ReadTime="0" />
        <Interval Name="2025-08-05 17:40:00" Records="0" ReadTime="0" />
        <Interval Name="2025-08-05 17:35:00" Records="0" ReadTime="0" />
        <Interval Name="2025-08-05 17:30:00" Records="0" ReadTime="0" />
        <Interval Name="2025-08-05 17:25:00" Records="0" ReadTime="0" />
        <Interval Name="2025-08-05 17:20:00" Records="0" ReadTime="0" />
        <Interval Name="2025-08-05 17:15:00" Records="0" ReadTime="0" />
        <Interval Name="2025-08-05 17:10:00" Records="0" ReadTime="0" />
        <Interval Name="2025-08-05 17:05:00" Records="0" ReadTime="0" />
        <Interval Name="2025-08-05 17:00:00" Records="0" ReadTime="0" />
        <Interval Name="2025-08-05 16:55:00" Records="0" ReadTime="0" />
        <Interval Name="2025-08-05 16:50:00" Records="0" ReadTime="0" />
        <Interval Name="2025-08-05 16:45:00" Records="0" ReadTime="0" />
        <Interval Name="2025-08-05 16:40:00" Records="0" ReadTime="0" />
        <Interval Name="2025-08-05 16:35:00" Records="0" ReadTime="0" />
      </Intervals>
    </Table>
    <Table Name="ArchiveItemsInteger">
      <Intervals>
        <Interval Name="2025-08-06 00:30:00" Records="0" ReadTime="0" />
        <Interval Name="2025-08-06 00:25:00" Records="0" ReadTime="0" />
        <Interval Name="2025-08-06 00:20:00" Records="0" ReadTime="0" />
        <Interval Name="2025-08-06 00:15:00" Records="0" ReadTime="0" />
        <Interval Name="2025-08-06 00:10:00" Records="0" ReadTime="0" />
        <Interval Name="2025-08-06 00:05:00" Records="0" ReadTime="0" />
        <Interval Name="2025-08-06 00:00:00" Records="0" ReadTime="0" />
        <Interval Name="2025-08-05 23:55:00" Records="0" ReadTime="0" />
        <Interval Name="2025-08-05 23:50:00" Records="0" ReadTime="0" />
        <Interval Name="2025-08-05 23:45:00" Records="0" ReadTime="0" />
        <Interval Name="2025-08-05 23:40:00" Records="0" ReadTime="0" />
        <Interval Name="2025-08-05 23:35:00" Records="0" ReadTime="0" />
        <Interval Name="2025-08-05 23:30:00" Records="0" ReadTime="0" />
        <Interval Name="2025-08-05 23:25:00" Records="0" ReadTime="0" />
        <Interval Name="2025-08-05 23:20:00" Records="0" ReadTime="0" />
        <Interval Name="2025-08-05 23:15:00" Records="0" ReadTime="0" />
        <Interval Name="2025-08-05 23:10:00" Records="0" ReadTime="0" />
        <Interval Name="2025-08-05 23:05:00" Records="0" ReadTime="0" />
        <Interval Name="2025-08-05 23:00:00" Records="0" ReadTime="0" />
        <Interval Name="2025-08-05 22:55:00" Records="0" ReadTime="0" />
        <Interval Name="2025-08-05 22:50:00" Records="0" ReadTime="0" />
        <Interval Name="2025-08-05 22:45:00" Records="0" ReadTime="0" />
        <Interval Name="2025-08-05 22:40:00" Records="0" ReadTime="0" />
        <Interval Name="2025-08-05 22:35:00" Records="0" ReadTime="0" />
        <Interval Name="2025-08-05 22:30:00" Records="0" ReadTime="0" />
        <Interval Name="2025-08-05 22:25:00" Records="0" ReadTime="0" />
        <Interval Name="2025-08-05 22:20:00" Records="0" ReadTime="0" />
        <Interval Name="2025-08-05 22:15:00" Records="0" ReadTime="0" />
        <Interval Name="2025-08-05 22:10:00" Records="0" ReadTime="0" />
        <Interval Name="2025-08-05 22:05:00" Records="0" ReadTime="0" />
        <Interval Name="2025-08-05 22:00:00" Records="0" ReadTime="0" />
        <Interval Name="2025-08-05 21:55:00" Records="0" ReadTime="0" />
        <Interval Name="2025-08-05 21:50:00" Records="0" ReadTime="0" />
        <Interval Name="2025-08-05 21:45:00" Records="0" ReadTime="0" />
        <Interval Name="2025-08-05 21:40:00" Records="0" ReadTime="0" />
        <Interval Name="2025-08-05 21:35:00" Records="0" ReadTime="0" />
        <Interval Name="2025-08-05 21:30:00" Records="0" ReadTime="0" />
        <Interval Name="2025-08-05 21:25:00" Records="0" ReadTime="0" />
        <Interval Name="2025-08-05 21:20:00" Records="0" ReadTime="0" />
        <Interval Name="2025-08-05 21:15:00" Records="0" ReadTime="0" />
        <Interval Name="2025-08-05 21:10:00" Records="0" ReadTime="0" />
        <Interval Name="2025-08-05 21:05:00" Records="0" ReadTime="0" />
        <Interval Name="2025-08-05 21:00:00" Records="0" ReadTime="0" />
        <Interval Name="2025-08-05 20:55:00" Records="0" ReadTime="0" />
        <Interval Name="2025-08-05 20:50:00" Records="0" ReadTime="0" />
        <Interval Name="2025-08-05 20:45:00" Records="0" ReadTime="0" />
        <Interval Name="2025-08-05 20:40:00" Records="0" ReadTime="0" />
        <Interval Name="2025-08-05 20:35:00" Records="0" ReadTime="0" />
        <Interval Name="2025-08-05 20:30:00" Records="0" ReadTime="0" />
        <Interval Name="2025-08-05 20:25:00" Records="0" ReadTime="0" />
        <Interval Name="2025-08-05 20:20:00" Records="0" ReadTime="0" />
        <Interval Name="2025-08-05 20:15:00" Records="0" ReadTime="0" />
        <Interval Name="2025-08-05 20:10:00" Records="0" ReadTime="0" />
        <Interval Name="2025-08-05 20:05:00" Records="0" ReadTime="0" />
        <Interval Name="2025-08-05 20:00:00" Records="0" ReadTime="0" />
        <Interval Name="2025-08-05 19:55:00" Records="0" ReadTime="0" />
        <Interval Name="2025-08-05 19:50:00" Records="0" ReadTime="0" />
        <Interval Name="2025-08-05 19:45:00" Records="0" ReadTime="0" />
        <Interval Name="2025-08-05 19:40:00" Records="0" ReadTime="0" />
        <Interval Name="2025-08-05 19:35:00" Records="0" ReadTime="0" />
        <Interval Name="2025-08-05 19:30:00" Records="0" ReadTime="0" />
        <Interval Name="2025-08-05 19:25:00" Records="0" ReadTime="0" />
        <Interval Name="2025-08-05 19:20:00" Records="0" ReadTime="0" />
        <Interval Name="2025-08-05 19:15:00" Records="0" ReadTime="0" />
        <Interval Name="2025-08-05 19:10:00" Records="0" ReadTime="0" />
        <Interval Name="2025-08-05 19:05:00" Records="0" ReadTime="0" />
        <Interval Name="2025-08-05 19:00:00" Records="0" ReadTime="0" />
        <Interval Name="2025-08-05 18:55:00" Records="0" ReadTime="0" />
        <Interval Name="2025-08-05 18:50:00" Records="0" ReadTime="0" />
        <Interval Name="2025-08-05 18:45:00" Records="0" ReadTime="0" />
        <Interval Name="2025-08-05 18:40:00" Records="0" ReadTime="0" />
        <Interval Name="2025-08-05 18:35:00" Records="0" ReadTime="0" />
        <Interval Name="2025-08-05 18:30:00" Records="0" ReadTime="0" />
        <Interval Name="2025-08-05 18:25:00" Records="0" ReadTime="0" />
        <Interval Name="2025-08-05 18:20:00" Records="0" ReadTime="0" />
        <Interval Name="2025-08-05 18:15:00" Records="0" ReadTime="0" />
        <Interval Name="2025-08-05 18:10:00" Records="0" ReadTime="0" />
        <Interval Name="2025-08-05 18:05:00" Records="0" ReadTime="0" />
        <Interval Name="2025-08-05 18:00:00" Records="0" ReadTime="0" />
        <Interval Name="2025-08-05 17:55:00" Records="0" ReadTime="0" />
        <Interval Name="2025-08-05 17:50:00" Records="0" ReadTime="0" />
        <Interval Name="2025-08-05 17:45:00" Records="0" ReadTime="0" />
        <Interval Name="2025-08-05 17:40:00" Records="0" ReadTime="0" />
        <Interval Name="2025-08-05 17:35:00" Records="0" ReadTime="0" />
        <Interval Name="2025-08-05 17:30:00" Records="0" ReadTime="0" />
        <Interval Name="2025-08-05 17:25:00" Records="0" ReadTime="0" />
        <Interval Name="2025-08-05 17:20:00" Records="0" ReadTime="0" />
        <Interval Name="2025-08-05 17:15:00" Records="0" ReadTime="0" />
        <Interval Name="2025-08-05 17:10:00" Records="0" ReadTime="0" />
        <Interval Name="2025-08-05 17:05:00" Records="0" ReadTime="0" />
        <Interval Name="2025-08-05 17:00:00" Records="0" ReadTime="0" />
        <Interval Name="2025-08-05 16:55:00" Records="0" ReadTime="0" />
        <Interval Name="2025-08-05 16:50:00" Records="0" ReadTime="0" />
        <Interval Name="2025-08-05 16:45:00" Records="0" ReadTime="0" />
        <Interval Name="2025-08-05 16:40:00" Records="0" ReadTime="0" />
        <Interval Name="2025-08-05 16:35:00" Records="0" ReadTime="0" />
      </Intervals>
    </Table>
    <Table Name="ArchiveItemsString">
      <Intervals>
        <Interval Name="2025-08-06 00:30:00" Records="0" ReadTime="0" />
        <Interval Name="2025-08-06 00:25:00" Records="0" ReadTime="0" />
        <Interval Name="2025-08-06 00:20:00" Records="0" ReadTime="0" />
        <Interval Name="2025-08-06 00:15:00" Records="0" ReadTime="0" />
        <Interval Name="2025-08-06 00:10:00" Records="0" ReadTime="0" />
        <Interval Name="2025-08-06 00:05:00" Records="0" ReadTime="0" />
        <Interval Name="2025-08-06 00:00:00" Records="0" ReadTime="0" />
        <Interval Name="2025-08-05 23:55:00" Records="0" ReadTime="0" />
        <Interval Name="2025-08-05 23:50:00" Records="0" ReadTime="0" />
        <Interval Name="2025-08-05 23:45:00" Records="0" ReadTime="0" />
        <Interval Name="2025-08-05 23:40:00" Records="0" ReadTime="0" />
        <Interval Name="2025-08-05 23:35:00" Records="0" ReadTime="0" />
        <Interval Name="2025-08-05 23:30:00" Records="0" ReadTime="0" />
        <Interval Name="2025-08-05 23:25:00" Records="0" ReadTime="0" />
        <Interval Name="2025-08-05 23:20:00" Records="0" ReadTime="0" />
        <Interval Name="2025-08-05 23:15:00" Records="0" ReadTime="0" />
        <Interval Name="2025-08-05 23:10:00" Records="0" ReadTime="0" />
        <Interval Name="2025-08-05 23:05:00" Records="0" ReadTime="0" />
        <Interval Name="2025-08-05 23:00:00" Records="0" ReadTime="0" />
        <Interval Name="2025-08-05 22:55:00" Records="0" ReadTime="0" />
        <Interval Name="2025-08-05 22:50:00" Records="0" ReadTime="0" />
        <Interval Name="2025-08-05 22:45:00" Records="0" ReadTime="0" />
        <Interval Name="2025-08-05 22:40:00" Records="0" ReadTime="0" />
        <Interval Name="2025-08-05 22:35:00" Records="0" ReadTime="0" />
        <Interval Name="2025-08-05 22:30:00" Records="0" ReadTime="0" />
        <Interval Name="2025-08-05 22:25:00" Records="0" ReadTime="0" />
        <Interval Name="2025-08-05 22:20:00" Records="0" ReadTime="0" />
        <Interval Name="2025-08-05 22:15:00" Records="0" ReadTime="0" />
        <Interval Name="2025-08-05 22:10:00" Records="0" ReadTime="0" />
        <Interval Name="2025-08-05 22:05:00" Records="0" ReadTime="0" />
        <Interval Name="2025-08-05 22:00:00" Records="0" ReadTime="0" />
        <Interval Name="2025-08-05 21:55:00" Records="0" ReadTime="0" />
        <Interval Name="2025-08-05 21:50:00" Records="0" ReadTime="0" />
        <Interval Name="2025-08-05 21:45:00" Records="0" ReadTime="0" />
        <Interval Name="2025-08-05 21:40:00" Records="0" ReadTime="0" />
        <Interval Name="2025-08-05 21:35:00" Records="0" ReadTime="0" />
        <Interval Name="2025-08-05 21:30:00" Records="0" ReadTime="0" />
        <Interval Name="2025-08-05 21:25:00" Records="0" ReadTime="0" />
        <Interval Name="2025-08-05 21:20:00" Records="0" ReadTime="0" />
        <Interval Name="2025-08-05 21:15:00" Records="0" ReadTime="0" />
        <Interval Name="2025-08-05 21:10:00" Records="0" ReadTime="0" />
        <Interval Name="2025-08-05 21:05:00" Records="0" ReadTime="0" />
        <Interval Name="2025-08-05 21:00:00" Records="0" ReadTime="0" />
        <Interval Name="2025-08-05 20:55:00" Records="0" ReadTime="0" />
        <Interval Name="2025-08-05 20:50:00" Records="0" ReadTime="0" />
        <Interval Name="2025-08-05 20:45:00" Records="0" ReadTime="0" />
        <Interval Name="2025-08-05 20:40:00" Records="0" ReadTime="0" />
        <Interval Name="2025-08-05 20:35:00" Records="0" ReadTime="0" />
        <Interval Name="2025-08-05 20:30:00" Records="0" ReadTime="0" />
        <Interval Name="2025-08-05 20:25:00" Records="0" ReadTime="0" />
        <Interval Name="2025-08-05 20:20:00" Records="0" ReadTime="0" />
        <Interval Name="2025-08-05 20:15:00" Records="0" ReadTime="0" />
        <Interval Name="2025-08-05 20:10:00" Records="0" ReadTime="0" />
        <Interval Name="2025-08-05 20:05:00" Records="0" ReadTime="0" />
        <Interval Name="2025-08-05 20:00:00" Records="0" ReadTime="0" />
        <Interval Name="2025-08-05 19:55:00" Records="0" ReadTime="0" />
        <Interval Name="2025-08-05 19:50:00" Records="0" ReadTime="0" />
        <Interval Name="2025-08-05 19:45:00" Records="0" ReadTime="0" />
        <Interval Name="2025-08-05 19:40:00" Records="0" ReadTime="0" />
        <Interval Name="2025-08-05 19:35:00" Records="0" ReadTime="0" />
        <Interval Name="2025-08-05 19:30:00" Records="0" ReadTime="0" />
        <Interval Name="2025-08-05 19:25:00" Records="0" ReadTime="0" />
        <Interval Name="2025-08-05 19:20:00" Records="0" ReadTime="0" />
        <Interval Name="2025-08-05 19:15:00" Records="0" ReadTime="0" />
        <Interval Name="2025-08-05 19:10:00" Records="0" ReadTime="0" />
        <Interval Name="2025-08-05 19:05:00" Records="0" ReadTime="0" />
        <Interval Name="2025-08-05 19:00:00" Records="0" ReadTime="0" />
        <Interval Name="2025-08-05 18:55:00" Records="0" ReadTime="0" />
        <Interval Name="2025-08-05 18:50:00" Records="0" ReadTime="0" />
        <Interval Name="2025-08-05 18:45:00" Records="0" ReadTime="0" />
        <Interval Name="2025-08-05 18:40:00" Records="0" ReadTime="0" />
        <Interval Name="2025-08-05 18:35:00" Records="0" ReadTime="0" />
        <Interval Name="2025-08-05 18:30:00" Records="0" ReadTime="0" />
        <Interval Name="2025-08-05 18:25:00" Records="0" ReadTime="0" />
        <Interval Name="2025-08-05 18:20:00" Records="0" ReadTime="0" />
        <Interval Name="2025-08-05 18:15:00" Records="0" ReadTime="0" />
        <Interval Name="2025-08-05 18:10:00" Records="0" ReadTime="0" />
        <Interval Name="2025-08-05 18:05:00" Records="0" ReadTime="0" />
        <Interval Name="2025-08-05 18:00:00" Records="0" ReadTime="0" />
        <Interval Name="2025-08-05 17:55:00" Records="0" ReadTime="0" />
        <Interval Name="2025-08-05 17:50:00" Records="0" ReadTime="0" />
        <Interval Name="2025-08-05 17:45:00" Records="0" ReadTime="0" />
        <Interval Name="2025-08-05 17:40:00" Records="0" ReadTime="0" />
        <Interval Name="2025-08-05 17:35:00" Records="0" ReadTime="0" />
        <Interval Name="2025-08-05 17:30:00" Records="0" ReadTime="0" />
        <Interval Name="2025-08-05 17:25:00" Records="0" ReadTime="0" />
        <Interval Name="2025-08-05 17:20:00" Records="0" ReadTime="0" />
        <Interval Name="2025-08-05 17:15:00" Records="0" ReadTime="0" />
        <Interval Name="2025-08-05 17:10:00" Records="0" ReadTime="0" />
        <Interval Name="2025-08-05 17:05:00" Records="0" ReadTime="0" />
        <Interval Name="2025-08-05 17:00:00" Records="0" ReadTime="0" />
        <Interval Name="2025-08-05 16:55:00" Records="0" ReadTime="0" />
        <Interval Name="2025-08-05 16:50:00" Records="0" ReadTime="0" />
        <Interval Name="2025-08-05 16:45:00" Records="0" ReadTime="0" />
        <Interval Name="2025-08-05 16:40:00" Records="0" ReadTime="0" />
        <Interval Name="2025-08-05 16:35:00" Records="0" ReadTime="0" />
      </Intervals>
    </Table>
    <Table Name="DeviceStatistics">
      <Intervals>
        <Interval Name="2025-08-06 00:30:00" Records="0" ReadTime="0" />
        <Interval Name="2025-08-06 00:25:00" Records="0" ReadTime="0" />
        <Interval Name="2025-08-06 00:20:00" Records="0" ReadTime="0" />
        <Interval Name="2025-08-06 00:15:00" Records="0" ReadTime="0" />
        <Interval Name="2025-08-06 00:10:00" Records="0" ReadTime="0" />
        <Interval Name="2025-08-06 00:05:00" Records="0" ReadTime="0" />
        <Interval Name="2025-08-06 00:00:00" Records="0" ReadTime="0" />
        <Interval Name="2025-08-05 23:55:00" Records="0" ReadTime="0" />
        <Interval Name="2025-08-05 23:50:00" Records="0" ReadTime="0" />
        <Interval Name="2025-08-05 23:45:00" Records="0" ReadTime="0" />
        <Interval Name="2025-08-05 23:40:00" Records="0" ReadTime="0" />
        <Interval Name="2025-08-05 23:35:00" Records="0" ReadTime="0" />
        <Interval Name="2025-08-05 23:30:00" Records="0" ReadTime="0" />
        <Interval Name="2025-08-05 23:25:00" Records="0" ReadTime="0" />
        <Interval Name="2025-08-05 23:20:00" Records="0" ReadTime="0" />
        <Interval Name="2025-08-05 23:15:00" Records="0" ReadTime="0" />
        <Interval Name="2025-08-05 23:10:00" Records="0" ReadTime="0" />
        <Interval Name="2025-08-05 23:05:00" Records="0" ReadTime="0" />
        <Interval Name="2025-08-05 23:00:00" Records="0" ReadTime="0" />
        <Interval Name="2025-08-05 22:55:00" Records="0" ReadTime="0" />
        <Interval Name="2025-08-05 22:50:00" Records="0" ReadTime="0" />
        <Interval Name="2025-08-05 22:45:00" Records="0" ReadTime="0" />
        <Interval Name="2025-08-05 22:40:00" Records="0" ReadTime="0" />
        <Interval Name="2025-08-05 22:35:00" Records="0" ReadTime="0" />
        <Interval Name="2025-08-05 22:30:00" Records="0" ReadTime="0" />
        <Interval Name="2025-08-05 22:25:00" Records="0" ReadTime="0" />
        <Interval Name="2025-08-05 22:20:00" Records="0" ReadTime="0" />
        <Interval Name="2025-08-05 22:15:00" Records="0" ReadTime="0" />
        <Interval Name="2025-08-05 22:10:00" Records="0" ReadTime="0" />
        <Interval Name="2025-08-05 22:05:00" Records="0" ReadTime="0" />
        <Interval Name="2025-08-05 22:00:00" Records="0" ReadTime="0" />
        <Interval Name="2025-08-05 21:55:00" Records="0" ReadTime="0" />
        <Interval Name="2025-08-05 21:50:00" Records="0" ReadTime="0" />
        <Interval Name="2025-08-05 21:45:00" Records="0" ReadTime="0" />
        <Interval Name="2025-08-05 21:40:00" Records="0" ReadTime="0" />
        <Interval Name="2025-08-05 21:35:00" Records="0" ReadTime="0" />
        <Interval Name="2025-08-05 21:30:00" Records="0" ReadTime="0" />
        <Interval Name="2025-08-05 21:25:00" Records="0" ReadTime="0" />
        <Interval Name="2025-08-05 21:20:00" Records="0" ReadTime="0" />
        <Interval Name="2025-08-05 21:15:00" Records="0" ReadTime="0" />
        <Interval Name="2025-08-05 21:10:00" Records="0" ReadTime="0" />
        <Interval Name="2025-08-05 21:05:00" Records="0" ReadTime="0" />
        <Interval Name="2025-08-05 21:00:00" Records="0" ReadTime="0" />
        <Interval Name="2025-08-05 20:55:00" Records="0" ReadTime="0" />
        <Interval Name="2025-08-05 20:50:00" Records="0" ReadTime="0" />
        <Interval Name="2025-08-05 20:45:00" Records="0" ReadTime="0" />
        <Interval Name="2025-08-05 20:40:00" Records="0" ReadTime="0" />
        <Interval Name="2025-08-05 20:35:00" Records="0" ReadTime="0" />
        <Interval Name="2025-08-05 20:30:00" Records="0" ReadTime="0" />
        <Interval Name="2025-08-05 20:25:00" Records="0" ReadTime="0" />
        <Interval Name="2025-08-05 20:20:00" Records="0" ReadTime="0" />
        <Interval Name="2025-08-05 20:15:00" Records="0" ReadTime="0" />
        <Interval Name="2025-08-05 20:10:00" Records="0" ReadTime="0" />
        <Interval Name="2025-08-05 20:05:00" Records="0" ReadTime="0" />
        <Interval Name="2025-08-05 20:00:00" Records="0" ReadTime="0" />
        <Interval Name="2025-08-05 19:55:00" Records="0" ReadTime="0" />
        <Interval Name="2025-08-05 19:50:00" Records="0" ReadTime="0" />
        <Interval Name="2025-08-05 19:45:00" Records="0" ReadTime="0" />
        <Interval Name="2025-08-05 19:40:00" Records="0" ReadTime="0" />
        <Interval Name="2025-08-05 19:35:00" Records="0" ReadTime="0" />
        <Interval Name="2025-08-05 19:30:00" Records="0" ReadTime="0" />
        <Interval Name="2025-08-05 19:25:00" Records="0" ReadTime="0" />
        <Interval Name="2025-08-05 19:20:00" Records="0" ReadTime="0" />
        <Interval Name="2025-08-05 19:15:00" Records="0" ReadTime="0" />
        <Interval Name="2025-08-05 19:10:00" Records="0" ReadTime="0" />
        <Interval Name="2025-08-05 19:05:00" Records="0" ReadTime="0" />
        <Interval Name="2025-08-05 19:00:00" Records="0" ReadTime="0" />
        <Interval Name="2025-08-05 18:55:00" Records="0" ReadTime="0" />
        <Interval Name="2025-08-05 18:50:00" Records="0" ReadTime="0" />
        <Interval Name="2025-08-05 18:45:00" Records="0" ReadTime="0" />
        <Interval Name="2025-08-05 18:40:00" Records="0" ReadTime="0" />
        <Interval Name="2025-08-05 18:35:00" Records="0" ReadTime="0" />
        <Interval Name="2025-08-05 18:30:00" Records="0" ReadTime="0" />
        <Interval Name="2025-08-05 18:25:00" Records="0" ReadTime="0" />
        <Interval Name="2025-08-05 18:20:00" Records="0" ReadTime="0" />
        <Interval Name="2025-08-05 18:15:00" Records="0" ReadTime="0" />
        <Interval Name="2025-08-05 18:10:00" Records="0" ReadTime="0" />
        <Interval Name="2025-08-05 18:05:00" Records="0" ReadTime="0" />
        <Interval Name="2025-08-05 18:00:00" Records="0" ReadTime="0" />
        <Interval Name="2025-08-05 17:55:00" Records="0" ReadTime="0" />
        <Interval Name="2025-08-05 17:50:00" Records="0" ReadTime="0" />
        <Interval Name="2025-08-05 17:45:00" Records="0" ReadTime="0" />
        <Interval Name="2025-08-05 17:40:00" Records="0" ReadTime="0" />
        <Interval Name="2025-08-05 17:35:00" Records="0" ReadTime="0" />
        <Interval Name="2025-08-05 17:30:00" Records="0" ReadTime="0" />
        <Interval Name="2025-08-05 17:25:00" Records="0" ReadTime="0" />
        <Interval Name="2025-08-05 17:20:00" Records="0" ReadTime="0" />
        <Interval Name="2025-08-05 17:15:00" Records="0" ReadTime="0" />
        <Interval Name="2025-08-05 17:10:00" Records="0" ReadTime="0" />
        <Interval Name="2025-08-05 17:05:00" Records="0" ReadTime="0" />
        <Interval Name="2025-08-05 17:00:00" Records="0" ReadTime="0" />
        <Interval Name="2025-08-05 16:55:00" Records="0" ReadTime="0" />
        <Interval Name="2025-08-05 16:50:00" Records="0" ReadTime="0" />
        <Interval Name="2025-08-05 16:45:00" Records="0" ReadTime="0" />
        <Interval Name="2025-08-05 16:40:00" Records="0" ReadTime="0" />
        <Interval Name="2025-08-05 16:35:00" Records="0" ReadTime="0" />
      </Intervals>
    </Table>
    <Table Name="Events">
      <Intervals>
        <Interval Name="2025-08-06 00:30:00" Records="0" ReadTime="0" />
        <Interval Name="2025-08-06 00:25:00" Records="0" ReadTime="0" />
        <Interval Name="2025-08-06 00:20:00" Records="0" ReadTime="0" />
        <Interval Name="2025-08-06 00:15:00" Records="0" ReadTime="0" />
        <Interval Name="2025-08-06 00:10:00" Records="0" ReadTime="0" />
        <Interval Name="2025-08-06 00:05:00" Records="0" ReadTime="0" />
        <Interval Name="2025-08-06 00:00:00" Records="0" ReadTime="0" />
        <Interval Name="2025-08-05 23:55:00" Records="0" ReadTime="0" />
        <Interval Name="2025-08-05 23:50:00" Records="0" ReadTime="0" />
        <Interval Name="2025-08-05 23:45:00" Records="0" ReadTime="0" />
        <Interval Name="2025-08-05 23:40:00" Records="0" ReadTime="0" />
        <Interval Name="2025-08-05 23:35:00" Records="0" ReadTime="0" />
        <Interval Name="2025-08-05 23:30:00" Records="0" ReadTime="0" />
        <Interval Name="2025-08-05 23:25:00" Records="0" ReadTime="0" />
        <Interval Name="2025-08-05 23:20:00" Records="0" ReadTime="0" />
        <Interval Name="2025-08-05 23:15:00" Records="0" ReadTime="0" />
        <Interval Name="2025-08-05 23:10:00" Records="0" ReadTime="0" />
        <Interval Name="2025-08-05 23:05:00" Records="0" ReadTime="0" />
        <Interval Name="2025-08-05 23:00:00" Records="0" ReadTime="0" />
        <Interval Name="2025-08-05 22:55:00" Records="0" ReadTime="0" />
        <Interval Name="2025-08-05 22:50:00" Records="0" ReadTime="0" />
        <Interval Name="2025-08-05 22:45:00" Records="0" ReadTime="0" />
        <Interval Name="2025-08-05 22:40:00" Records="0" ReadTime="0" />
        <Interval Name="2025-08-05 22:35:00" Records="0" ReadTime="0" />
        <Interval Name="2025-08-05 22:30:00" Records="0" ReadTime="0" />
        <Interval Name="2025-08-05 22:25:00" Records="0" ReadTime="0" />
        <Interval Name="2025-08-05 22:20:00" Records="0" ReadTime="0" />
        <Interval Name="2025-08-05 22:15:00" Records="0" ReadTime="0" />
        <Interval Name="2025-08-05 22:10:00" Records="0" ReadTime="0" />
        <Interval Name="2025-08-05 22:05:00" Records="0" ReadTime="0" />
        <Interval Name="2025-08-05 22:00:00" Records="0" ReadTime="0" />
        <Interval Name="2025-08-05 21:55:00" Records="0" ReadTime="0" />
        <Interval Name="2025-08-05 21:50:00" Records="0" ReadTime="0" />
        <Interval Name="2025-08-05 21:45:00" Records="0" ReadTime="0" />
        <Interval Name="2025-08-05 21:40:00" Records="0" ReadTime="0" />
        <Interval Name="2025-08-05 21:35:00" Records="0" ReadTime="0" />
        <Interval Name="2025-08-05 21:30:00" Records="0" ReadTime="0" />
        <Interval Name="2025-08-05 21:25:00" Records="0" ReadTime="0" />
        <Interval Name="2025-08-05 21:20:00" Records="0" ReadTime="0" />
        <Interval Name="2025-08-05 21:15:00" Records="0" ReadTime="0" />
        <Interval Name="2025-08-05 21:10:00" Records="0" ReadTime="0" />
        <Interval Name="2025-08-05 21:05:00" Records="0" ReadTime="0" />
        <Interval Name="2025-08-05 21:00:00" Records="0" ReadTime="0" />
        <Interval Name="2025-08-05 20:55:00" Records="0" ReadTime="0" />
        <Interval Name="2025-08-05 20:50:00" Records="0" ReadTime="0" />
        <Interval Name="2025-08-05 20:45:00" Records="0" ReadTime="0" />
        <Interval Name="2025-08-05 20:40:00" Records="0" ReadTime="0" />
        <Interval Name="2025-08-05 20:35:00" Records="0" ReadTime="0" />
        <Interval Name="2025-08-05 20:30:00" Records="0" ReadTime="0" />
        <Interval Name="2025-08-05 20:25:00" Records="0" ReadTime="0" />
        <Interval Name="2025-08-05 20:20:00" Records="0" ReadTime="0" />
        <Interval Name="2025-08-05 20:15:00" Records="0" ReadTime="0" />
        <Interval Name="2025-08-05 20:10:00" Records="0" ReadTime="0" />
        <Interval Name="2025-08-05 20:05:00" Records="0" ReadTime="0" />
        <Interval Name="2025-08-05 20:00:00" Records="0" ReadTime="0" />
        <Interval Name="2025-08-05 19:55:00" Records="0" ReadTime="0" />
        <Interval Name="2025-08-05 19:50:00" Records="0" ReadTime="0" />
        <Interval Name="2025-08-05 19:45:00" Records="0" ReadTime="0" />
        <Interval Name="2025-08-05 19:40:00" Records="0" ReadTime="0" />
        <Interval Name="2025-08-05 19:35:00" Records="0" ReadTime="0" />
        <Interval Name="2025-08-05 19:30:00" Records="0" ReadTime="0" />
        <Interval Name="2025-08-05 19:25:00" Records="0" ReadTime="0" />
        <Interval Name="2025-08-05 19:20:00" Records="0" ReadTime="0" />
        <Interval Name="2025-08-05 19:15:00" Records="0" ReadTime="0" />
        <Interval Name="2025-08-05 19:10:00" Records="0" ReadTime="0" />
        <Interval Name="2025-08-05 19:05:00" Records="0" ReadTime="0" />
        <Interval Name="2025-08-05 19:00:00" Records="0" ReadTime="0" />
        <Interval Name="2025-08-05 18:55:00" Records="0" ReadTime="0" />
        <Interval Name="2025-08-05 18:50:00" Records="0" ReadTime="0" />
        <Interval Name="2025-08-05 18:45:00" Records="0" ReadTime="0" />
        <Interval Name="2025-08-05 18:40:00" Records="0" ReadTime="0" />
        <Interval Name="2025-08-05 18:35:00" Records="0" ReadTime="0" />
        <Interval Name="2025-08-05 18:30:00" Records="0" ReadTime="0" />
        <Interval Name="2025-08-05 18:25:00" Records="0" ReadTime="0" />
        <Interval Name="2025-08-05 18:20:00" Records="0" ReadTime="0" />
        <Interval Name="2025-08-05 18:15:00" Records="0" ReadTime="0" />
        <Interval Name="2025-08-05 18:10:00" Records="0" ReadTime="0" />
        <Interval Name="2025-08-05 18:05:00" Records="0" ReadTime="0" />
        <Interval Name="2025-08-05 18:00:00" Records="0" ReadTime="0" />
        <Interval Name="2025-08-05 17:55:00" Records="0" ReadTime="0" />
        <Interval Name="2025-08-05 17:50:00" Records="0" ReadTime="0" />
        <Interval Name="2025-08-05 17:45:00" Records="0" ReadTime="0" />
        <Interval Name="2025-08-05 17:40:00" Records="0" ReadTime="0" />
        <Interval Name="2025-08-05 17:35:00" Records="0" ReadTime="0" />
        <Interval Name="2025-08-05 17:30:00" Records="0" ReadTime="0" />
        <Interval Name="2025-08-05 17:25:00" Records="0" ReadTime="0" />
        <Interval Name="2025-08-05 17:20:00" Records="0" ReadTime="0" />
        <Interval Name="2025-08-05 17:15:00" Records="0" ReadTime="0" />
        <Interval Name="2025-08-05 17:10:00" Records="0" ReadTime="0" />
        <Interval Name="2025-08-05 17:05:00" Records="0" ReadTime="0" />
        <Interval Name="2025-08-05 17:00:00" Records="0" ReadTime="0" />
        <Interval Name="2025-08-05 16:55:00" Records="0" ReadTime="0" />
        <Interval Name="2025-08-05 16:50:00" Records="0" ReadTime="0" />
        <Interval Name="2025-08-05 16:45:00" Records="0" ReadTime="0" />
        <Interval Name="2025-08-05 16:40:00" Records="0" ReadTime="0" />
        <Interval Name="2025-08-05 16:35:00" Records="0" ReadTime="0" />
      </Intervals>
    </Table>
  </Tables>
</Settings>