<?xml version="1.0" encoding="utf-8"?>
<root xmlns:xsi="http://www.w3.org/2001/XMLSchema-instance" xmlns:xsd="http://www.w3.org/2001/XMLSchema">
  <Colors>
    <Color Name="custom_color_1" Description="Custom color 001" Use="false" />
    <Color Name="custom_color_2" Description="Custom color 002" Use="false" />
    <Color Name="custom_color_3" Description="Custom color 003" Use="false" />
    <Color Name="custom_color_4" Description="Custom color 004" Use="false" />
    <Color Name="custom_color_5" Description="Custom color 005" Use="false" />
    <Color Name="custom_color_6" Description="Custom color 006" Use="false" />
    <Color Name="custom_color_7" Description="Custom color 007" Use="false" />
    <Color Name="custom_color_8" Description="Custom color 008" Use="false" />
    <Color Name="custom_color_9" Description="Custom color 009" Use="false" />
    <Color Name="custom_color_10" Description="Custom color 010" Use="false" />
    <Color Name="custom_color_11" Description="Custom color 011" Use="false" />
    <Color Name="custom_color_12" Description="Custom color 012" Use="false" />
    <Color Name="custom_color_13" Description="Custom color 013" Use="false" />
    <Color Name="custom_color_14" Description="Custom color 014" Use="false" />
    <Color Name="custom_color_15" Description="Custom color 015" Use="false" />
    <Color Name="custom_color_16" Description="Custom color 016" Use="false" />
    <Color Name="custom_color_17" Description="Custom color 017" Use="false" />
    <Color Name="custom_color_18" Description="Custom color 018" Use="false" />
    <Color Name="custom_color_19" Description="Custom color 019" Use="false" />
    <Color Name="custom_color_20" Description="Custom color 020" Use="false" />
    <Color Name="custom_color_21" Description="Custom color 021" Use="false" />
    <Color Name="custom_color_22" Description="Custom color 022" Use="false" />
    <Color Name="custom_color_23" Description="Custom color 023" Use="false" />
    <Color Name="custom_color_24" Description="Custom color 024" Use="false" />
    <Color Name="custom_color_25" Description="Custom color 025" Use="false" />
    <Color Name="custom_color_26" Description="Custom color 026" Use="false" />
    <Color Name="custom_color_27" Description="Custom color 027" Use="false" />
    <Color Name="custom_color_28" Description="Custom color 028" Use="false" />
    <Color Name="custom_color_29" Description="Custom color 029" Use="false" />
    <Color Name="custom_color_30" Description="Custom color 030" Use="false" />
    <Color Name="custom_color_31" Description="Custom color 031" Use="false" />
    <Color Name="custom_color_32" Description="Custom color 032" Use="false" />
    <Color Name="custom_color_33" Description="Custom color 033" Use="false" />
    <Color Name="custom_color_34" Description="Custom color 034" Use="false" />
    <Color Name="custom_color_35" Description="Custom color 035" Use="false" />
    <Color Name="custom_color_36" Description="Custom color 036" Use="false" />
    <Color Name="custom_color_37" Description="Custom color 037" Use="false" />
    <Color Name="custom_color_38" Description="Custom color 038" Use="false" />
    <Color Name="custom_color_39" Description="Custom color 039" Use="false" />
    <Color Name="custom_color_40" Description="Custom color 040" Use="false" />
    <Color Name="custom_color_41" Description="Custom color 041" Use="false" />
    <Color Name="custom_color_42" Description="Custom color 042" Use="false" />
    <Color Name="custom_color_43" Description="Custom color 043" Use="false" />
    <Color Name="custom_color_44" Description="Custom color 044" Use="false" />
    <Color Name="custom_color_45" Description="Custom color 045" Use="false" />
    <Color Name="custom_color_46" Description="Custom color 046" Use="false" />
    <Color Name="custom_color_47" Description="Custom color 047" Use="false" />
    <Color Name="custom_color_48" Description="Custom color 048" Use="false" />
    <Color Name="custom_color_49" Description="Custom color 049" Use="false" />
    <Color Name="custom_color_50" Description="Custom color 050" Use="false" />
    <Color Name="custom_color_51" Description="Custom color 051" Use="false" />
    <Color Name="custom_color_52" Description="Custom color 052" Use="false" />
    <Color Name="custom_color_53" Description="Custom color 053" Use="false" />
    <Color Name="custom_color_54" Description="Custom color 054" Use="false" />
    <Color Name="custom_color_55" Description="Custom color 055" Use="false" />
    <Color Name="custom_color_56" Description="Custom color 056" Use="false" />
    <Color Name="custom_color_57" Description="Custom color 057" Use="false" />
    <Color Name="custom_color_58" Description="Custom color 058" Use="false" />
    <Color Name="custom_color_59" Description="Custom color 059" Use="false" />
    <Color Name="custom_color_60" Description="Custom color 060" Use="false" />
    <Color Name="custom_color_61" Description="Custom color 061" Use="false" />
    <Color Name="custom_color_62" Description="Custom color 062" Use="false" />
    <Color Name="custom_color_63" Description="Custom color 063" Use="false" />
    <Color Name="custom_color_64" Description="Custom color 064" Use="false" />
    <Color Name="custom_color_65" Description="Custom color 065" Use="false" />
    <Color Name="custom_color_66" Description="Custom color 066" Use="false" />
    <Color Name="custom_color_67" Description="Custom color 067" Use="false" />
    <Color Name="custom_color_68" Description="Custom color 068" Use="false" />
    <Color Name="custom_color_69" Description="Custom color 069" Use="false" />
    <Color Name="custom_color_70" Description="Custom color 070" Use="false" />
    <Color Name="custom_color_71" Description="Custom color 071" Use="false" />
    <Color Name="custom_color_72" Description="Custom color 072" Use="false" />
    <Color Name="custom_color_73" Description="Custom color 073" Use="false" />
    <Color Name="custom_color_74" Description="Custom color 074" Use="false" />
    <Color Name="custom_color_75" Description="Custom color 075" Use="false" />
    <Color Name="custom_color_76" Description="Custom color 076" Use="false" />
    <Color Name="custom_color_77" Description="Custom color 077" Use="false" />
    <Color Name="custom_color_78" Description="Custom color 078" Use="false" />
    <Color Name="custom_color_79" Description="Custom color 079" Use="false" />
    <Color Name="custom_color_80" Description="Custom color 080" Use="false" />
    <Color Name="custom_color_81" Description="Custom color 081" Use="false" />
    <Color Name="custom_color_82" Description="Custom color 082" Use="false" />
    <Color Name="custom_color_83" Description="Custom color 083" Use="false" />
    <Color Name="custom_color_84" Description="Custom color 084" Use="false" />
    <Color Name="custom_color_85" Description="Custom color 085" Use="false" />
    <Color Name="custom_color_86" Description="Custom color 086" Use="false" />
    <Color Name="custom_color_87" Description="Custom color 087" Use="false" />
    <Color Name="custom_color_88" Description="Custom color 088" Use="false" />
    <Color Name="custom_color_89" Description="Custom color 089" Use="false" />
    <Color Name="custom_color_90" Description="Custom color 090" Use="false" />
    <Color Name="custom_color_91" Description="Custom color 091" Use="false" />
    <Color Name="custom_color_92" Description="Custom color 092" Use="false" />
    <Color Name="custom_color_93" Description="Custom color 093" Use="false" />
    <Color Name="custom_color_94" Description="Custom color 094" Use="false" />
    <Color Name="custom_color_95" Description="Custom color 095" Use="false" />
    <Color Name="custom_color_96" Description="Custom color 096" Use="false" />
    <Color Name="custom_color_97" Description="Custom color 097" Use="false" />
    <Color Name="custom_color_98" Description="Custom color 098" Use="false" />
    <Color Name="custom_color_99" Description="Custom color 099" Use="false" />
    <Color Name="custom_color_100" Description="Custom color 100" Use="false" />
  </Colors>
</root>