<?xml version="1.0" encoding="utf-8"?>
<root xmlns:xsi="http://www.w3.org/2001/XMLSchema-instance" xmlns:xsd="http://www.w3.org/2001/XMLSchema">
  <Sources>
    <Source EndPoint="scripts" Name="Scripts" />
    <Source EndPoint="localhost:8102" Name="OpcUaClient" />
    <Source EndPoint="localhost:8093" Name="ModbusClient" />
    <Source EndPoint="localhost:8086" Name="TxRx" />
    <Source EndPoint="localhost:8092" Name="Iec104Client" />
    <Source EndPoint="localhost:8118" Name="MqttClient" />
    <Source EndPoint="localhost:8117" Name="SnmpClient" />
    <Source EndPoint="demo" Name="demo" />
    <Source EndPoint="localhost:8123" Name="DBSynchronizer" />
  </Sources>
</root>