<?xml version="1.0" encoding="utf-8"?>
<root xmlns:xsi="http://www.w3.org/2001/XMLSchema-instance" xmlns:xsd="http://www.w3.org/2001/XMLSchema">
  <Devices>
    <Device SourceId="scripts" Name="virtual_1" Id="3IZNTSTD">
      <Item Id="h8PL2LwW" Name="cmd" />
      <Item Id="LT7kiG7L" Name="cmd-bit" />
      <Item Id="gJoGG6Zj" Name="Connect" />
      <Item Id="Ak9TvH8r" Name="value-raw" />
      <Item Id="MfcnXKdE" Name="value" />
      <Item Id="x92u21IP" Name="testVar" />
      <Item Id="J6SrSoP2" Name="hihiShift" />
      <Item Id="U1cNbs4w" Name="hiShift" />
      <Item Id="xa1mQs3F" Name="loloShift" />
      <Item Id="1Ja5URuy" Name="loShift" />
      <Item Id="e5VVp6X9" Name="setpoint" />
      <Item Id="BgCoytRK" Name="setpointDelay" />
      <Item Id="q4LCIUfV" Name="operatingTime" />
      <Item Id="I1L3Uh4s" Name="repair" />
      <Item Id="NNCzXvPU" Name="discreteCounter" />
      <Item Id="qEhLIfgZ" Name="floatCounter" />
      <Item Id="ZrAsilyd" Name="saveCounted" />
      <Item Id="SEXAVdtn" Name="bit1" />
      <Item Id="Dcc9eGsD" Name="float1" />
      <Item Id="F1NoWkUL" Name="com1" />
      <Item Id="ewcVjEY2" Name="energy" />
      <Item Id="Bl2EH5et" Name="production1" />
      <Item Id="lsvBm18y" Name="efficiencyInstant1" />
      <Item Id="NNvfTM80" Name="efficiencySummary1" />
      <Item Id="zpX5pw49" Name="com2" />
      <Item Id="Yd6VF5xK" Name="production2" />
      <Item Id="y0CBS4OX" Name="perfomance" />
      <Item Id="JsrDe8RD" Name="consumption" />
      <Item Id="Z5sXA0n2" Name="floatToNotify" />
      <Item Id="XUNvcKRV" Name="bitToNotify" />
      <Item Id="4si8Om00" Name="com3" />
      <Item Id="rL7z3d80" Name="targetValue" />
      <Item Id="MYVvCpOz" Name="calculationInterval" />
      <Item Id="qLeHwduv" Name="reachTime" />
      <Item Id="HlDl3puH" Name="reachValue" />
      <Item Id="Q00R57vc" Name="valueToPredict" />
      <Item Id="EP95e0hK" Name="ackFloat" />
      <Item Id="ppm2veC3" Name="ackInterval" />
      <Item Id="nVSFgi9f" Name="ackBit" />
      <Item Id="2w6wkDUg" Name="voltage" />
      <Item Id="29wtvLwj" Name="amperage" />
      <Item Id="au6igrSV" Name="resistance" />
      <Item Id="voO3GmtM" Name="kp" />
      <Item Id="3vMgUEZy" Name="ki" />
      <Item Id="0k6Hjxxg" Name="kd" />
      <Item Id="t2gU11vW" Name="voltageSetpoint" />
      <Item Id="A5fJDAqE" Name="signal1" />
      <Item Id="JIJsRUuV" Name="signal2" />
      <Item Id="52IRvSye" Name="signal3" />
      <Item Id="JGUpqAqy" Name="signal4" />
      <Item Id="yQtELyU5" Name="@generic" />
      <Item Id="jMb5YJKT" Name="@genericWarning" />
    </Device>
    <Device SourceId="mb" Name="SMART PLANT DASHBOARD" Id="lCSVa5DB">
      <Item Id="xn63VLHB" Name="Soil Moisture" />
      <Item Id="aL0xUals" Name="Air Temperature" />
      <Item Id="jfIgzMBU" Name="Light Intensity" />
      <Item Id="la27ybrk" Name="Connect" />
      <Item Id="JYWF9IAC" Name="@comm-tx" />
      <Item Id="1vuXMAjK" Name="@comm-rx" />
      <Item Id="6k2lTzgH" Name="@comm-timeouts" />
      <Item Id="a3PjLhUh" Name="@comm-bad-responses" />
      <Item Id="SrtzoSXy" Name="@poll-enabled" />
      <Item Id="2s9K2p1k" Name="@generic" />
      <Item Id="oz8xaHS5" Name="@genericWarning" />
      <Item Id="x3l2qFUL" Name="Air Temperature. Temperatur" />
      <Item Id="qX9Bgceq" Name="Light Intensity - autoсreated" />
      <Item Id="wMaJaukL" Name="Soil Moisture - autoсreated" />
      <Item Id="exw7hvzS" Name="Light Intensity. Light Intensity" />
      <Item Id="91b6WQtP" Name="Soil Moisture. Soil Moisture" />
    </Device>
    <Device SourceId="demo" Name="Demo002" Id="MTJdcUnA">
      <Item Id="f5dHvlvh" Name="@poll-enabled" />
      <Item Id="Fvu7uZwm" Name="Current" />
      <Item Id="gjFpM3SR" Name="Voltage" />
      <Item Id="PGXtYsxd" Name="Temperature" />
      <Item Id="acQTVegt" Name="Humidity" />
      <Item Id="cDvj4xyo" Name="Analog input #1" />
      <Item Id="oO1ZhPd2" Name="Analog input #2" />
      <Item Id="KBKEfAVP" Name="Analog input #3" />
      <Item Id="Uz2xAxlb" Name="Analog input #4" />
      <Item Id="Th2UPKn5" Name="Analog input #5" />
      <Item Id="MGHg9Jne" Name="Analog input #6" />
      <Item Id="szhhn7yS" Name="Analog input #7" />
      <Item Id="PLSeUOgn" Name="Analog input #8" />
      <Item Id="Nh9ZO066" Name="Analog input #9" />
      <Item Id="89TgPWnV" Name="Analog input #10" />
      <Item Id="YndiR8oI" Name="Analog output #1" />
      <Item Id="djlKFPAB" Name="Analog output #2" />
      <Item Id="Ixw2XUGk" Name="Analog output #3" />
      <Item Id="AUF3hB7K" Name="Analog output #4" />
      <Item Id="IesRSbjG" Name="Analog output #5" />
      <Item Id="eY3oc7va" Name="Analog output #6" />
      <Item Id="iguG2VJz" Name="Analog output #7" />
      <Item Id="htNUXQ7T" Name="Analog output #8" />
      <Item Id="fKiaay3k" Name="Analog output #9" />
      <Item Id="3TscUhBq" Name="Analog output #10" />
      <Item Id="2G1y4ovS" Name="Connect" />
      <Item Id="GxE9C3nd" Name="Door" />
      <Item Id="r3ceX2nZ" Name="Alarm_system" />
      <Item Id="nzaaAGnL" Name="Sensor" />
      <Item Id="f8e9tN3J" Name="Cmd_Float" />
      <Item Id="9FDBpvaP" Name="Cmd_Discrete" />
      <Item Id="OumDvXvH" Name="Discrete input #1" />
      <Item Id="Z9XxlKr2" Name="Discrete input #2" />
      <Item Id="eyMxHo0E" Name="Discrete input #3" />
      <Item Id="DJibYMdX" Name="Discrete input #4" />
      <Item Id="aQLlh6kF" Name="Discrete input #5" />
      <Item Id="Odw57Pc7" Name="Discrete input #6" />
      <Item Id="0th6OMF9" Name="Discrete input #7" />
      <Item Id="AxUUDtf6" Name="Discrete input #8" />
      <Item Id="cO23rW6B" Name="Discrete input #9" />
      <Item Id="29G6Xw7P" Name="Discrete input #10" />
      <Item Id="bPNrNFR5" Name="Discrete output #1" />
      <Item Id="1uNRCxI5" Name="Discrete output #2" />
      <Item Id="bK6AMUeL" Name="Discrete output #3" />
      <Item Id="SgqB3dYq" Name="Discrete output #4" />
      <Item Id="SaViuYKp" Name="Discrete output #5" />
      <Item Id="TkgHV8oi" Name="Discrete output #6" />
      <Item Id="nneI3F9d" Name="Discrete output #7" />
      <Item Id="iynEXIBf" Name="Discrete output #8" />
      <Item Id="bmt3DUUM" Name="Discrete output #9" />
      <Item Id="ih7IIG6t" Name="Discrete output #10" />
      <Item Id="agPEUbk0" Name="@generic" />
      <Item Id="Unv53BL5" Name="@genericWarning" />
    </Device>
    <Device SourceId="demo" Name="Demo001" Id="bkl9hdc7">
      <Item Id="jEUnIEOE" Name="@poll-enabled" />
      <Item Id="RtZPAS1Q" Name="Current" />
      <Item Id="5KoJqLMV" Name="Voltage" />
      <Item Id="Y8PVcl5G" Name="Temperature" />
      <Item Id="cktoS2H3" Name="Humidity" />
      <Item Id="1Sc6sz1K" Name="Analog input #1" />
      <Item Id="3Yvq5P9w" Name="Analog input #2" />
      <Item Id="o82UZ8Hx" Name="Analog input #3" />
      <Item Id="ngaLgcP4" Name="Analog input #4" />
      <Item Id="uvMfob46" Name="Analog input #5" />
      <Item Id="fdcGICb0" Name="Analog input #6" />
      <Item Id="LNwXlddo" Name="Analog input #7" />
      <Item Id="DigYbo3r" Name="Analog input #8" />
      <Item Id="2PmA0E6Y" Name="Analog input #9" />
      <Item Id="a8lg4Qjd" Name="Analog input #10" />
      <Item Id="j8Q2SGYo" Name="Analog output #1" />
      <Item Id="26evsEYf" Name="Analog output #2" />
      <Item Id="IFoX3Qrx" Name="Analog output #3" />
      <Item Id="8kS4cbdi" Name="Analog output #4" />
      <Item Id="hfkbXMAT" Name="Analog output #5" />
      <Item Id="0czVnj09" Name="Analog output #6" />
      <Item Id="MbqMTTlJ" Name="Analog output #7" />
      <Item Id="vbkbKTkb" Name="Analog output #8" />
      <Item Id="bTWMhv4r" Name="Analog output #9" />
      <Item Id="Tszqty5M" Name="Analog output #10" />
      <Item Id="vhVnlkvB" Name="Connect" />
      <Item Id="mXN0nzX7" Name="Door" />
      <Item Id="eOllvd5V" Name="Alarm_system" />
      <Item Id="lWGQITk0" Name="Sensor" />
      <Item Id="Ehqmk4h8" Name="Cmd_Float" />
      <Item Id="g0wfxJjj" Name="Cmd_Discrete" />
      <Item Id="M2tXtXlK" Name="Discrete input #1" />
      <Item Id="4pK6lHfQ" Name="Discrete input #2" />
      <Item Id="xa0b25dq" Name="Discrete input #3" />
      <Item Id="Z2s5yw5V" Name="Discrete input #4" />
      <Item Id="oy210t6h" Name="Discrete input #5" />
      <Item Id="N91EJmqc" Name="Discrete input #6" />
      <Item Id="dw7Y5jAn" Name="Discrete input #7" />
      <Item Id="X33JBURd" Name="Discrete input #8" />
      <Item Id="I7HO2kup" Name="Discrete input #9" />
      <Item Id="mvQ3ZE2i" Name="Discrete input #10" />
      <Item Id="LExWG0pS" Name="Discrete output #1" />
      <Item Id="5FFITCMY" Name="Discrete output #2" />
      <Item Id="6upy3wTY" Name="Discrete output #3" />
      <Item Id="duiMzY41" Name="Discrete output #4" />
      <Item Id="9OdSFAXm" Name="Discrete output #5" />
      <Item Id="6ofyfToL" Name="Discrete output #6" />
      <Item Id="BhcGXfhW" Name="Discrete output #7" />
      <Item Id="MEFcuN6J" Name="Discrete output #8" />
      <Item Id="RElJBcZx" Name="Discrete output #9" />
      <Item Id="8ipi73IY" Name="Discrete output #10" />
      <Item Id="Qsd2gDHf" Name="@generic" />
      <Item Id="W1h6In9r" Name="@genericWarning" />
    </Device>
  </Devices>
</root>