<?xml version="1.0" encoding="utf-8"?>
<root xmlns:xsi="http://www.w3.org/2001/XMLSchema-instance" xmlns:xsd="http://www.w3.org/2001/XMLSchema">
  <Devices>
    <Device Id="bkl9hdc7" Name="Demo001" Info="Demo001" Image="default" SourceId="demo" Origin="config">
      <Item Id="Qsd2gDHf" Enabled="true" Type="B" Category="" Name="@generic" Info="Generic object alarm" IsCommand="false" Origin="" />
      <Item Id="W1h6In9r" Enabled="true" Type="B" Category="" Name="@genericWarning" Info="Generic object warning" IsCommand="false" Origin="" />
      <Item Id="jEUnIEOE" Enabled="true" Type="B" Category="DIAG" Name="@poll-enabled" Info="Poll is enabled" IsCommand="false" Origin="config" />
      <Item Id="eOllvd5V" Enabled="true" Type="B" Category="" Name="Alarm_system" Info="Alarm system" IsCommand="false" Origin="config" />
      <Item Id="1Sc6sz1K" Enabled="true" Type="F" Category="" Name="Analog input #1" Info="Analog input #1" IsCommand="false" Origin="config" />
      <Item Id="3Yvq5P9w" Enabled="true" Type="F" Category="" Name="Analog input #2" Info="Analog input #2" IsCommand="false" Origin="config" />
      <Item Id="o82UZ8Hx" Enabled="true" Type="F" Category="" Name="Analog input #3" Info="Analog input #3" IsCommand="false" Origin="config" />
      <Item Id="ngaLgcP4" Enabled="true" Type="F" Category="" Name="Analog input #4" Info="Analog input #4" IsCommand="false" Origin="config" />
      <Item Id="uvMfob46" Enabled="true" Type="F" Category="" Name="Analog input #5" Info="Analog input #5" IsCommand="false" Origin="config" />
      <Item Id="fdcGICb0" Enabled="true" Type="F" Category="" Name="Analog input #6" Info="Analog input #6" IsCommand="false" Origin="config" />
      <Item Id="LNwXlddo" Enabled="true" Type="F" Category="" Name="Analog input #7" Info="Analog input #7" IsCommand="false" Origin="config" />
      <Item Id="DigYbo3r" Enabled="true" Type="F" Category="" Name="Analog input #8" Info="Analog input #8" IsCommand="false" Origin="config" />
      <Item Id="2PmA0E6Y" Enabled="true" Type="F" Category="" Name="Analog input #9" Info="Analog input #9" IsCommand="false" Origin="config" />
      <Item Id="a8lg4Qjd" Enabled="true" Type="F" Category="" Name="Analog input #10" Info="Analog input #10" IsCommand="false" Origin="config" />
      <Item Id="j8Q2SGYo" Enabled="true" Type="F" Category="" Name="Analog output #1" Info="Analog output #1" IsCommand="true" Origin="config" />
      <Item Id="26evsEYf" Enabled="true" Type="F" Category="" Name="Analog output #2" Info="Analog output #2" IsCommand="true" Origin="config" />
      <Item Id="IFoX3Qrx" Enabled="true" Type="F" Category="" Name="Analog output #3" Info="Analog output #3" IsCommand="true" Origin="config" />
      <Item Id="8kS4cbdi" Enabled="true" Type="F" Category="" Name="Analog output #4" Info="Analog output #4" IsCommand="true" Origin="config" />
      <Item Id="hfkbXMAT" Enabled="true" Type="F" Category="" Name="Analog output #5" Info="Analog output #5" IsCommand="true" Origin="config" />
      <Item Id="0czVnj09" Enabled="true" Type="F" Category="" Name="Analog output #6" Info="Analog output #6" IsCommand="true" Origin="config" />
      <Item Id="MbqMTTlJ" Enabled="true" Type="F" Category="" Name="Analog output #7" Info="Analog output #7" IsCommand="true" Origin="config" />
      <Item Id="vbkbKTkb" Enabled="true" Type="F" Category="" Name="Analog output #8" Info="Analog output #8" IsCommand="true" Origin="config" />
      <Item Id="bTWMhv4r" Enabled="true" Type="F" Category="" Name="Analog output #9" Info="Analog output #9" IsCommand="true" Origin="config" />
      <Item Id="Tszqty5M" Enabled="true" Type="F" Category="" Name="Analog output #10" Info="Analog output #10" IsCommand="true" Origin="config" />
      <Item Id="g0wfxJjj" Enabled="true" Type="B" Category="" Name="Cmd_Discrete" Info="Command" IsCommand="true" Origin="config" />
      <Item Id="Ehqmk4h8" Enabled="true" Type="F" Category="" Name="Cmd_Float" Info="Setpoint" IsCommand="true" Origin="config" />
      <Item Id="vhVnlkvB" Enabled="true" Type="B" Category="" Name="Connect" Info="Connect" IsCommand="false" Origin="config" />
      <Item Id="RtZPAS1Q" Enabled="true" Type="F" Category="" Name="Current" Info="Current" IsCommand="false" Origin="config" />
      <Item Id="M2tXtXlK" Enabled="true" Type="B" Category="" Name="Discrete input #1" Info="Discrete input #1" IsCommand="false" Origin="config" />
      <Item Id="4pK6lHfQ" Enabled="true" Type="B" Category="" Name="Discrete input #2" Info="Discrete input #2" IsCommand="false" Origin="config" />
      <Item Id="xa0b25dq" Enabled="true" Type="B" Category="" Name="Discrete input #3" Info="Discrete input #3" IsCommand="false" Origin="config" />
      <Item Id="Z2s5yw5V" Enabled="true" Type="B" Category="" Name="Discrete input #4" Info="Discrete input #4" IsCommand="false" Origin="config" />
      <Item Id="oy210t6h" Enabled="true" Type="B" Category="" Name="Discrete input #5" Info="Discrete input #5" IsCommand="false" Origin="config" />
      <Item Id="N91EJmqc" Enabled="true" Type="B" Category="" Name="Discrete input #6" Info="Discrete input #6" IsCommand="false" Origin="config" />
      <Item Id="dw7Y5jAn" Enabled="true" Type="B" Category="" Name="Discrete input #7" Info="Discrete input #7" IsCommand="false" Origin="config" />
      <Item Id="X33JBURd" Enabled="true" Type="B" Category="" Name="Discrete input #8" Info="Discrete input #8" IsCommand="false" Origin="config" />
      <Item Id="I7HO2kup" Enabled="true" Type="B" Category="" Name="Discrete input #9" Info="Discrete input #9" IsCommand="false" Origin="config" />
      <Item Id="mvQ3ZE2i" Enabled="true" Type="B" Category="" Name="Discrete input #10" Info="Discrete input #10" IsCommand="false" Origin="config" />
      <Item Id="LExWG0pS" Enabled="true" Type="B" Category="" Name="Discrete output #1" Info="Discrete output #1" IsCommand="true" Origin="config" />
      <Item Id="5FFITCMY" Enabled="true" Type="B" Category="" Name="Discrete output #2" Info="Discrete output #2" IsCommand="true" Origin="config" />
      <Item Id="6upy3wTY" Enabled="true" Type="B" Category="" Name="Discrete output #3" Info="Discrete output #3" IsCommand="true" Origin="config" />
      <Item Id="duiMzY41" Enabled="true" Type="B" Category="" Name="Discrete output #4" Info="Discrete output #4" IsCommand="true" Origin="config" />
      <Item Id="9OdSFAXm" Enabled="true" Type="B" Category="" Name="Discrete output #5" Info="Discrete output #5" IsCommand="true" Origin="config" />
      <Item Id="6ofyfToL" Enabled="true" Type="B" Category="" Name="Discrete output #6" Info="Discrete output #6" IsCommand="true" Origin="config" />
      <Item Id="BhcGXfhW" Enabled="true" Type="B" Category="" Name="Discrete output #7" Info="Discrete output #7" IsCommand="true" Origin="config" />
      <Item Id="MEFcuN6J" Enabled="true" Type="B" Category="" Name="Discrete output #8" Info="Discrete output #8" IsCommand="true" Origin="config" />
      <Item Id="RElJBcZx" Enabled="true" Type="B" Category="" Name="Discrete output #9" Info="Discrete output #9" IsCommand="true" Origin="config" />
      <Item Id="8ipi73IY" Enabled="true" Type="B" Category="" Name="Discrete output #10" Info="Discrete output #10" IsCommand="true" Origin="config" />
      <Item Id="mXN0nzX7" Enabled="true" Type="B" Category="" Name="Door" Info="Door" IsCommand="false" Origin="config" />
      <Item Id="cktoS2H3" Enabled="true" Type="F" Category="" Name="Humidity" Info="Humidity" IsCommand="false" Origin="config" />
      <Item Id="lWGQITk0" Enabled="true" Type="B" Category="" Name="Sensor" Info="Sensor" IsCommand="false" Origin="config" />
      <Item Id="Y8PVcl5G" Enabled="true" Type="F" Category="" Name="Temperature" Info="Temperature" IsCommand="false" Origin="config" />
      <Item Id="5KoJqLMV" Enabled="true" Type="F" Category="" Name="Voltage" Info="Voltage" IsCommand="false" Origin="config" />
    </Device>
    <Device Id="MTJdcUnA" Name="Demo002" Info="Demo002" Image="default" SourceId="demo" Origin="config">
      <Item Id="agPEUbk0" Enabled="true" Type="B" Category="" Name="@generic" Info="Generic object alarm" IsCommand="false" Origin="" />
      <Item Id="Unv53BL5" Enabled="true" Type="B" Category="" Name="@genericWarning" Info="Generic object warning" IsCommand="false" Origin="" />
      <Item Id="f5dHvlvh" Enabled="true" Type="B" Category="DIAG" Name="@poll-enabled" Info="Poll is enabled" IsCommand="false" Origin="config" />
      <Item Id="r3ceX2nZ" Enabled="true" Type="B" Category="" Name="Alarm_system" Info="Alarm system" IsCommand="false" Origin="config" />
      <Item Id="cDvj4xyo" Enabled="true" Type="F" Category="" Name="Analog input #1" Info="Analog input #1" IsCommand="false" Origin="config" />
      <Item Id="oO1ZhPd2" Enabled="true" Type="F" Category="" Name="Analog input #2" Info="Analog input #2" IsCommand="false" Origin="config" />
      <Item Id="KBKEfAVP" Enabled="true" Type="F" Category="" Name="Analog input #3" Info="Analog input #3" IsCommand="false" Origin="config" />
      <Item Id="Uz2xAxlb" Enabled="true" Type="F" Category="" Name="Analog input #4" Info="Analog input #4" IsCommand="false" Origin="config" />
      <Item Id="Th2UPKn5" Enabled="true" Type="F" Category="" Name="Analog input #5" Info="Analog input #5" IsCommand="false" Origin="config" />
      <Item Id="MGHg9Jne" Enabled="true" Type="F" Category="" Name="Analog input #6" Info="Analog input #6" IsCommand="false" Origin="config" />
      <Item Id="szhhn7yS" Enabled="true" Type="F" Category="" Name="Analog input #7" Info="Analog input #7" IsCommand="false" Origin="config" />
      <Item Id="PLSeUOgn" Enabled="true" Type="F" Category="" Name="Analog input #8" Info="Analog input #8" IsCommand="false" Origin="config" />
      <Item Id="Nh9ZO066" Enabled="true" Type="F" Category="" Name="Analog input #9" Info="Analog input #9" IsCommand="false" Origin="config" />
      <Item Id="89TgPWnV" Enabled="true" Type="F" Category="" Name="Analog input #10" Info="Analog input #10" IsCommand="false" Origin="config" />
      <Item Id="YndiR8oI" Enabled="true" Type="F" Category="" Name="Analog output #1" Info="Analog output #1" IsCommand="true" Origin="config" />
      <Item Id="djlKFPAB" Enabled="true" Type="F" Category="" Name="Analog output #2" Info="Analog output #2" IsCommand="true" Origin="config" />
      <Item Id="Ixw2XUGk" Enabled="true" Type="F" Category="" Name="Analog output #3" Info="Analog output #3" IsCommand="true" Origin="config" />
      <Item Id="AUF3hB7K" Enabled="true" Type="F" Category="" Name="Analog output #4" Info="Analog output #4" IsCommand="true" Origin="config" />
      <Item Id="IesRSbjG" Enabled="true" Type="F" Category="" Name="Analog output #5" Info="Analog output #5" IsCommand="true" Origin="config" />
      <Item Id="eY3oc7va" Enabled="true" Type="F" Category="" Name="Analog output #6" Info="Analog output #6" IsCommand="true" Origin="config" />
      <Item Id="iguG2VJz" Enabled="true" Type="F" Category="" Name="Analog output #7" Info="Analog output #7" IsCommand="true" Origin="config" />
      <Item Id="htNUXQ7T" Enabled="true" Type="F" Category="" Name="Analog output #8" Info="Analog output #8" IsCommand="true" Origin="config" />
      <Item Id="fKiaay3k" Enabled="true" Type="F" Category="" Name="Analog output #9" Info="Analog output #9" IsCommand="true" Origin="config" />
      <Item Id="3TscUhBq" Enabled="true" Type="F" Category="" Name="Analog output #10" Info="Analog output #10" IsCommand="true" Origin="config" />
      <Item Id="9FDBpvaP" Enabled="true" Type="B" Category="" Name="Cmd_Discrete" Info="Command" IsCommand="true" Origin="config" />
      <Item Id="f8e9tN3J" Enabled="true" Type="F" Category="" Name="Cmd_Float" Info="Setpoint" IsCommand="true" Origin="config" />
      <Item Id="2G1y4ovS" Enabled="true" Type="B" Category="" Name="Connect" Info="Connect" IsCommand="false" Origin="config" />
      <Item Id="Fvu7uZwm" Enabled="true" Type="F" Category="" Name="Current" Info="Current" IsCommand="false" Origin="config" />
      <Item Id="OumDvXvH" Enabled="true" Type="B" Category="" Name="Discrete input #1" Info="Discrete input #1" IsCommand="false" Origin="config" />
      <Item Id="Z9XxlKr2" Enabled="true" Type="B" Category="" Name="Discrete input #2" Info="Discrete input #2" IsCommand="false" Origin="config" />
      <Item Id="eyMxHo0E" Enabled="true" Type="B" Category="" Name="Discrete input #3" Info="Discrete input #3" IsCommand="false" Origin="config" />
      <Item Id="DJibYMdX" Enabled="true" Type="B" Category="" Name="Discrete input #4" Info="Discrete input #4" IsCommand="false" Origin="config" />
      <Item Id="aQLlh6kF" Enabled="true" Type="B" Category="" Name="Discrete input #5" Info="Discrete input #5" IsCommand="false" Origin="config" />
      <Item Id="Odw57Pc7" Enabled="true" Type="B" Category="" Name="Discrete input #6" Info="Discrete input #6" IsCommand="false" Origin="config" />
      <Item Id="0th6OMF9" Enabled="true" Type="B" Category="" Name="Discrete input #7" Info="Discrete input #7" IsCommand="false" Origin="config" />
      <Item Id="AxUUDtf6" Enabled="true" Type="B" Category="" Name="Discrete input #8" Info="Discrete input #8" IsCommand="false" Origin="config" />
      <Item Id="cO23rW6B" Enabled="true" Type="B" Category="" Name="Discrete input #9" Info="Discrete input #9" IsCommand="false" Origin="config" />
      <Item Id="29G6Xw7P" Enabled="true" Type="B" Category="" Name="Discrete input #10" Info="Discrete input #10" IsCommand="false" Origin="config" />
      <Item Id="bPNrNFR5" Enabled="true" Type="B" Category="" Name="Discrete output #1" Info="Discrete output #1" IsCommand="true" Origin="config" />
      <Item Id="1uNRCxI5" Enabled="true" Type="B" Category="" Name="Discrete output #2" Info="Discrete output #2" IsCommand="true" Origin="config" />
      <Item Id="bK6AMUeL" Enabled="true" Type="B" Category="" Name="Discrete output #3" Info="Discrete output #3" IsCommand="true" Origin="config" />
      <Item Id="SgqB3dYq" Enabled="true" Type="B" Category="" Name="Discrete output #4" Info="Discrete output #4" IsCommand="true" Origin="config" />
      <Item Id="SaViuYKp" Enabled="true" Type="B" Category="" Name="Discrete output #5" Info="Discrete output #5" IsCommand="true" Origin="config" />
      <Item Id="TkgHV8oi" Enabled="true" Type="B" Category="" Name="Discrete output #6" Info="Discrete output #6" IsCommand="true" Origin="config" />
      <Item Id="nneI3F9d" Enabled="true" Type="B" Category="" Name="Discrete output #7" Info="Discrete output #7" IsCommand="true" Origin="config" />
      <Item Id="iynEXIBf" Enabled="true" Type="B" Category="" Name="Discrete output #8" Info="Discrete output #8" IsCommand="true" Origin="config" />
      <Item Id="bmt3DUUM" Enabled="true" Type="B" Category="" Name="Discrete output #9" Info="Discrete output #9" IsCommand="true" Origin="config" />
      <Item Id="ih7IIG6t" Enabled="true" Type="B" Category="" Name="Discrete output #10" Info="Discrete output #10" IsCommand="true" Origin="config" />
      <Item Id="GxE9C3nd" Enabled="true" Type="B" Category="" Name="Door" Info="Door" IsCommand="false" Origin="config" />
      <Item Id="acQTVegt" Enabled="true" Type="F" Category="" Name="Humidity" Info="Humidity" IsCommand="false" Origin="config" />
      <Item Id="nzaaAGnL" Enabled="true" Type="B" Category="" Name="Sensor" Info="Sensor" IsCommand="false" Origin="config" />
      <Item Id="PGXtYsxd" Enabled="true" Type="F" Category="" Name="Temperature" Info="Temperature" IsCommand="false" Origin="config" />
      <Item Id="gjFpM3SR" Enabled="true" Type="F" Category="" Name="Voltage" Info="Voltage" IsCommand="false" Origin="config" />
    </Device>
    <Device Id="lCSVa5DB" Name="SMART PLANT DASHBOARD" Info="SMART PLANT DASHBOARD" Image="default" SourceId="mb" RefId="tcp://192.168.110.222:10502" Origin="config">
      <Item Id="2s9K2p1k" Enabled="true" Type="B" Category="" Name="@generic" Info="Generic object alarm" IsCommand="false" Origin="" />
      <Item Id="oz8xaHS5" Enabled="true" Type="B" Category="" Name="@genericWarning" Info="Generic object warning" IsCommand="false" Origin="" />
      <Item Id="a3PjLhUh" Enabled="true" Type="I" Category="DIAG" Name="@comm-bad-responses" Info="Number of bad responses" IsCommand="false" Origin="config" />
      <Item Id="1vuXMAjK" Enabled="true" Type="I" Category="DIAG" Name="@comm-rx" Info="Number of responses" IsCommand="false" Origin="config" />
      <Item Id="6k2lTzgH" Enabled="true" Type="I" Category="DIAG" Name="@comm-timeouts" Info="Number of timeouts" IsCommand="false" Origin="config" />
      <Item Id="JYWF9IAC" Enabled="true" Type="I" Category="DIAG" Name="@comm-tx" Info="Number of requests" IsCommand="false" Origin="config" />
      <Item Id="SrtzoSXy" Enabled="true" Type="B" Category="DIAG" Name="@poll-enabled" Info="Poll is enabled" IsCommand="false" Origin="config" />
      <Item Id="aL0xUals" Enabled="true" Type="I" Category="" Name="Air Temperature" Info="" IsCommand="false" Origin="config" />
      <Item Id="x3l2qFUL" Enabled="true" Type="F" Category="" Name="Air Temperature. Temperatur" Info=". Air Temperatur" IsCommand="false" ParentId="aL0xUals" Origin="ext" />
      <Item Id="la27ybrk" Enabled="true" Type="B" Category="" Name="Connect" Info="Connection Status" IsCommand="false" Origin="config" />
      <Item Id="jfIgzMBU" Enabled="true" Type="I" Category="" Name="Light Intensity" Info="" IsCommand="false" Origin="config" />
      <Item Id="exw7hvzS" Enabled="true" Type="F" Category="" Name="Light Intensity. Light Intensity" Info="Light Intensity. Light Intensity" IsCommand="false" Origin="data" />
      <Item Id="xn63VLHB" Enabled="true" Type="I" Category="" Name="Soil Moisture" Info="" IsCommand="false" Origin="config" />
      <Item Id="91b6WQtP" Enabled="true" Type="F" Category="" Name="Soil Moisture. Soil Moisture" Info="Soil Moisture. Soil Moisture" IsCommand="false" Origin="data" />
    </Device>
    <Device Id="3IZNTSTD" Name="virtual_1" Info="virtual_1" Image="default" SourceId="scripts" Origin="config">
      <Item Id="yQtELyU5" Enabled="true" Type="B" Category="" Name="@generic" Info="Generic object alarm" IsCommand="false" Origin="" />
      <Item Id="jMb5YJKT" Enabled="true" Type="B" Category="" Name="@genericWarning" Info="Generic object warning" IsCommand="false" Origin="" />
      <Item Id="nVSFgi9f" Enabled="true" Type="B" Category="" Name="ackBit" Info="ackBit" IsCommand="false" Origin="config" />
      <Item Id="EP95e0hK" Enabled="true" Type="F" Category="" Name="ackFloat" Info="ackFloat" IsCommand="true" Origin="config" />
      <Item Id="ppm2veC3" Enabled="true" Type="F" Category="" Name="ackInterval" Info="ackInterval" IsCommand="true" Origin="config" />
      <Item Id="29wtvLwj" Enabled="true" Type="F" Category="" Name="amperage" Info="amperage" IsCommand="false" Origin="config" />
      <Item Id="SEXAVdtn" Enabled="true" Type="B" Category="" Name="bit1" Info="bit1" IsCommand="true" Origin="config" />
      <Item Id="XUNvcKRV" Enabled="true" Type="B" Category="" Name="bitToNotify" Info="bitToNotify" IsCommand="true" Origin="config" />
      <Item Id="MYVvCpOz" Enabled="true" Type="F" Category="" Name="calculationInterval" Info="calculationInterval" IsCommand="true" Origin="config" />
      <Item Id="h8PL2LwW" Enabled="true" Type="F" Category="" Name="cmd" Info="cmd" IsCommand="true" Origin="config" />
      <Item Id="LT7kiG7L" Enabled="true" Type="B" Category="" Name="cmd-bit" Info="cmd-bit" IsCommand="true" Origin="config" />
      <Item Id="F1NoWkUL" Enabled="true" Type="B" Category="" Name="com1" Info="com1" IsCommand="true" Origin="config" />
      <Item Id="zpX5pw49" Enabled="true" Type="B" Category="" Name="com2" Info="com2" IsCommand="true" Origin="config" />
      <Item Id="4si8Om00" Enabled="true" Type="B" Category="" Name="com3" Info="com3" IsCommand="true" Origin="config" />
      <Item Id="gJoGG6Zj" Enabled="true" Type="B" Category="" Name="Connect" Info="Connection Status" IsCommand="false" Origin="config" />
      <Item Id="JsrDe8RD" Enabled="true" Type="F" Category="" Name="consumption" Info="consumption" IsCommand="false" Origin="config" />
      <Item Id="NNCzXvPU" Enabled="true" Type="F" Category="" Name="discreteCounter" Info="discreteCounter" IsCommand="false" Origin="config" />
      <Item Id="lsvBm18y" Enabled="true" Type="F" Category="" Name="efficiencyInstant1" Info="efficiencyInstant1" IsCommand="false" Origin="config" />
      <Item Id="NNvfTM80" Enabled="true" Type="F" Category="" Name="efficiencySummary1" Info="efficiencySummary1" IsCommand="false" Origin="config" />
      <Item Id="ewcVjEY2" Enabled="true" Type="F" Category="" Name="energy" Info="energy" IsCommand="false" Origin="config" />
      <Item Id="Dcc9eGsD" Enabled="true" Type="F" Category="" Name="float1" Info="float1" IsCommand="true" Origin="config" />
      <Item Id="qEhLIfgZ" Enabled="true" Type="F" Category="" Name="floatCounter" Info="floatCounter" IsCommand="false" Origin="config" />
      <Item Id="Z5sXA0n2" Enabled="true" Type="F" Category="" Name="floatToNotify" Info="floatToNotify" IsCommand="true" Origin="config" />
      <Item Id="J6SrSoP2" Enabled="true" Type="F" Category="" Name="hihiShift" Info="hihiShift" IsCommand="true" Origin="config" />
      <Item Id="U1cNbs4w" Enabled="true" Type="F" Category="" Name="hiShift" Info="hiShift" IsCommand="true" Origin="config" />
      <Item Id="0k6Hjxxg" Enabled="true" Type="F" Category="" Name="kd" Info="kd" IsCommand="true" Origin="config" />
      <Item Id="3vMgUEZy" Enabled="true" Type="F" Category="" Name="ki" Info="ki" IsCommand="true" Origin="config" />
      <Item Id="voO3GmtM" Enabled="true" Type="F" Category="" Name="kp" Info="kp" IsCommand="true" Origin="config" />
      <Item Id="xa1mQs3F" Enabled="true" Type="F" Category="" Name="loloShift" Info="loloShift" IsCommand="true" Origin="config" />
      <Item Id="1Ja5URuy" Enabled="true" Type="F" Category="" Name="loShift" Info="loShift" IsCommand="true" Origin="config" />
      <Item Id="q4LCIUfV" Enabled="true" Type="F" Category="" Name="operatingTime" Info="operatingTime" IsCommand="false" Origin="config" />
      <Item Id="y0CBS4OX" Enabled="true" Type="F" Category="" Name="perfomance" Info="perfomance" IsCommand="false" Origin="config" />
      <Item Id="Bl2EH5et" Enabled="true" Type="F" Category="" Name="production1" Info="production1" IsCommand="false" Origin="config" />
      <Item Id="Yd6VF5xK" Enabled="true" Type="F" Category="" Name="production2" Info="production2" IsCommand="false" Origin="config" />
      <Item Id="qLeHwduv" Enabled="true" Type="F" Category="" Name="reachTime" Info="reachTime" IsCommand="false" Origin="config" />
      <Item Id="HlDl3puH" Enabled="true" Type="F" Category="" Name="reachValue" Info="reachValue" IsCommand="false" Origin="config" />
      <Item Id="I1L3Uh4s" Enabled="true" Type="B" Category="" Name="repair" Info="repair" IsCommand="true" Origin="config" />
      <Item Id="au6igrSV" Enabled="true" Type="F" Category="" Name="resistance" Info="resistance" IsCommand="true" Origin="config" />
      <Item Id="ZrAsilyd" Enabled="true" Type="B" Category="" Name="saveCounted" Info="saveCounted" IsCommand="true" Origin="config" />
      <Item Id="e5VVp6X9" Enabled="true" Type="F" Category="" Name="setpoint" Info="setpoint" IsCommand="true" Origin="config" />
      <Item Id="BgCoytRK" Enabled="true" Type="F" Category="" Name="setpointDelay" Info="setpointDelay" IsCommand="true" Origin="config" />
      <Item Id="A5fJDAqE" Enabled="true" Type="F" Category="" Name="signal1" Info="signal1" IsCommand="false" Origin="config" />
      <Item Id="JIJsRUuV" Enabled="true" Type="F" Category="" Name="signal2" Info="signal2" IsCommand="false" Origin="config" />
      <Item Id="52IRvSye" Enabled="true" Type="F" Category="" Name="signal3" Info="signal3" IsCommand="false" Origin="config" />
      <Item Id="JGUpqAqy" Enabled="true" Type="F" Category="" Name="signal4" Info="signal4" IsCommand="false" Origin="config" />
      <Item Id="rL7z3d80" Enabled="true" Type="F" Category="" Name="targetValue" Info="targetValue" IsCommand="true" Origin="config" />
      <Item Id="x92u21IP" Enabled="true" Type="F" Category="" Name="testVar" Info="testVar" IsCommand="true" Origin="config" />
      <Item Id="MfcnXKdE" Enabled="true" Type="F" Category="" Name="value" Info="value" IsCommand="false" Origin="config" />
      <Item Id="Ak9TvH8r" Enabled="true" Type="F" Category="" Name="value-raw" Info="value-raw" IsCommand="false" Origin="config" />
      <Item Id="Q00R57vc" Enabled="true" Type="F" Category="" Name="valueToPredict" Info="valueToPredict" IsCommand="false" Origin="config" />
      <Item Id="2w6wkDUg" Enabled="true" Type="F" Category="" Name="voltage" Info="voltage" IsCommand="false" Origin="config" />
      <Item Id="t2gU11vW" Enabled="true" Type="F" Category="" Name="voltageSetpoint" Info="voltageSetpoint" IsCommand="true" Origin="config" />
    </Device>
  </Devices>
</root>