<?xml version="1.0" encoding="utf-8"?>
<root xmlns:xsi="http://www.w3.org/2001/XMLSchema-instance" xmlns:xsd="http://www.w3.org/2001/XMLSchema">
  <Devices>
    <Device Id="3IZNTSTD" _Name="virtual_1">
      <Item Id="yQtELyU5" _Name="@generic" DType="A" AlarmValue="1" OnMsg="Alarm" OffMsg="OK" Inverse="false" />
      <Item Id="jMb5YJKT" _Name="@genericWarning" DType="W" AlarmValue="1" OnMsg="Warning" OffMsg="OK" Inverse="false" />
      <Item Id="nVSFgi9f" _Name="ackBit" DType="I" AlarmValue="0" OnMsg="Message 1" OffMsg="Message 0" Inverse="false" />
      <Item Id="SEXAVdtn" _Name="bit1" DType="I" AlarmValue="0" OnMsg="Message 1" OffMsg="Message 0" Inverse="false" />
      <Item Id="XUNvcKRV" _Name="bitToNotify" DType="I" AlarmValue="0" OnMsg="Message 1" OffMsg="Message 0" Inverse="false" />
      <Item Id="LT7kiG7L" _Name="cmd-bit" DType="I" AlarmValue="0" OnMsg="Message 1" OffMsg="Message 0" Inverse="false" />
      <Item Id="F1NoWkUL" _Name="com1" DType="I" AlarmValue="0" OnMsg="Message 1" OffMsg="Message 0" Inverse="false" />
      <Item Id="zpX5pw49" _Name="com2" DType="I" AlarmValue="0" OnMsg="Message 1" OffMsg="Message 0" Inverse="false" />
      <Item Id="4si8Om00" _Name="com3" DType="I" AlarmValue="0" OnMsg="Message 1" OffMsg="Message 0" Inverse="false" />
      <Item Id="gJoGG6Zj" _Name="Connect" DType="A" AlarmValue="0" OnMsg="Exist" OffMsg="Lost" Inverse="false" />
      <Item Id="I1L3Uh4s" _Name="repair" DType="I" AlarmValue="0" OnMsg="Message 1" OffMsg="Message 0" Inverse="false" />
      <Item Id="ZrAsilyd" _Name="saveCounted" DType="I" AlarmValue="0" OnMsg="Message 1" OffMsg="Message 0" Inverse="false" />
    </Device>
    <Device Id="bkl9hdc7" _Name="Demo001">
      <Item Id="Qsd2gDHf" _Name="@generic" DType="A" AlarmValue="1" OnMsg="Alarm" OffMsg="OK" Inverse="false" />
      <Item Id="W1h6In9r" _Name="@genericWarning" DType="W" AlarmValue="1" OnMsg="Warning" OffMsg="OK" Inverse="false" />
      <Item Id="jEUnIEOE" _Name="@poll-enabled" DType="I" AlarmValue="0" OnMsg="Message 1" OffMsg="Message 0" Inverse="false" />
      <Item Id="eOllvd5V" _Name="Alarm_system" DType="A" AlarmValue="1" OnMsg="Alarm" OffMsg="Regular operation" Inverse="false" />
      <Item Id="g0wfxJjj" _Name="Cmd_Discrete" DType="I" AlarmValue="0" OnMsg="On" OffMsg="Off" Inverse="false" />
      <Item Id="vhVnlkvB" _Name="Connect" DType="A" AlarmValue="0" OnMsg="Exist" OffMsg="Lost" Inverse="false" />
      <Item Id="M2tXtXlK" _Name="Discrete input #1" DType="I" AlarmValue="0" OnMsg="Message 1" OffMsg="Message 0" Inverse="false" />
      <Item Id="4pK6lHfQ" _Name="Discrete input #2" DType="I" AlarmValue="0" OnMsg="Message 1" OffMsg="Message 0" Inverse="false" />
      <Item Id="xa0b25dq" _Name="Discrete input #3" DType="I" AlarmValue="0" OnMsg="Message 1" OffMsg="Message 0" Inverse="false" />
      <Item Id="Z2s5yw5V" _Name="Discrete input #4" DType="I" AlarmValue="0" OnMsg="Message 1" OffMsg="Message 0" Inverse="false" />
      <Item Id="oy210t6h" _Name="Discrete input #5" DType="I" AlarmValue="0" OnMsg="Message 1" OffMsg="Message 0" Inverse="false" />
      <Item Id="N91EJmqc" _Name="Discrete input #6" DType="I" AlarmValue="0" OnMsg="Message 1" OffMsg="Message 0" Inverse="false" />
      <Item Id="dw7Y5jAn" _Name="Discrete input #7" DType="I" AlarmValue="0" OnMsg="Message 1" OffMsg="Message 0" Inverse="false" />
      <Item Id="X33JBURd" _Name="Discrete input #8" DType="I" AlarmValue="0" OnMsg="Message 1" OffMsg="Message 0" Inverse="false" />
      <Item Id="I7HO2kup" _Name="Discrete input #9" DType="I" AlarmValue="0" OnMsg="Message 1" OffMsg="Message 0" Inverse="false" />
      <Item Id="mvQ3ZE2i" _Name="Discrete input #10" DType="I" AlarmValue="0" OnMsg="Message 1" OffMsg="Message 0" Inverse="false" />
      <Item Id="LExWG0pS" _Name="Discrete output #1" DType="I" AlarmValue="0" OnMsg="Message 1" OffMsg="Message 0" Inverse="false" />
      <Item Id="5FFITCMY" _Name="Discrete output #2" DType="I" AlarmValue="0" OnMsg="Message 1" OffMsg="Message 0" Inverse="false" />
      <Item Id="6upy3wTY" _Name="Discrete output #3" DType="I" AlarmValue="0" OnMsg="Message 1" OffMsg="Message 0" Inverse="false" />
      <Item Id="duiMzY41" _Name="Discrete output #4" DType="I" AlarmValue="0" OnMsg="Message 1" OffMsg="Message 0" Inverse="false" />
      <Item Id="9OdSFAXm" _Name="Discrete output #5" DType="I" AlarmValue="0" OnMsg="Message 1" OffMsg="Message 0" Inverse="false" />
      <Item Id="6ofyfToL" _Name="Discrete output #6" DType="I" AlarmValue="0" OnMsg="Message 1" OffMsg="Message 0" Inverse="false" />
      <Item Id="BhcGXfhW" _Name="Discrete output #7" DType="I" AlarmValue="0" OnMsg="Message 1" OffMsg="Message 0" Inverse="false" />
      <Item Id="MEFcuN6J" _Name="Discrete output #8" DType="I" AlarmValue="0" OnMsg="Message 1" OffMsg="Message 0" Inverse="false" />
      <Item Id="RElJBcZx" _Name="Discrete output #9" DType="I" AlarmValue="0" OnMsg="Message 1" OffMsg="Message 0" Inverse="false" />
      <Item Id="8ipi73IY" _Name="Discrete output #10" DType="I" AlarmValue="0" OnMsg="Message 1" OffMsg="Message 0" Inverse="false" />
      <Item Id="mXN0nzX7" _Name="Door" DType="W" AlarmValue="0" OnMsg="Closed" OffMsg="Open" Inverse="false" />
      <Item Id="lWGQITk0" _Name="Sensor" DType="I" AlarmValue="0" OnMsg="Message 1" OffMsg="Message 0" Inverse="false" />
    </Device>
    <Device Id="MTJdcUnA" _Name="Demo002">
      <Item Id="agPEUbk0" _Name="@generic" DType="A" AlarmValue="1" OnMsg="Alarm" OffMsg="OK" Inverse="false" />
      <Item Id="Unv53BL5" _Name="@genericWarning" DType="W" AlarmValue="1" OnMsg="Warning" OffMsg="OK" Inverse="false" />
      <Item Id="f5dHvlvh" _Name="@poll-enabled" DType="I" AlarmValue="0" OnMsg="Message 1" OffMsg="Message 0" Inverse="false" />
      <Item Id="r3ceX2nZ" _Name="Alarm_system" DType="A" AlarmValue="1" OnMsg="Alarm" OffMsg="Regular operation" Inverse="false" />
      <Item Id="9FDBpvaP" _Name="Cmd_Discrete" DType="I" AlarmValue="0" OnMsg="On" OffMsg="Off" Inverse="false" />
      <Item Id="2G1y4ovS" _Name="Connect" DType="A" AlarmValue="0" OnMsg="Exist" OffMsg="Lost" Inverse="false" />
      <Item Id="OumDvXvH" _Name="Discrete input #1" DType="I" AlarmValue="0" OnMsg="Message 1" OffMsg="Message 0" Inverse="false" />
      <Item Id="Z9XxlKr2" _Name="Discrete input #2" DType="I" AlarmValue="0" OnMsg="Message 1" OffMsg="Message 0" Inverse="false" />
      <Item Id="eyMxHo0E" _Name="Discrete input #3" DType="I" AlarmValue="0" OnMsg="Message 1" OffMsg="Message 0" Inverse="false" />
      <Item Id="DJibYMdX" _Name="Discrete input #4" DType="I" AlarmValue="0" OnMsg="Message 1" OffMsg="Message 0" Inverse="false" />
      <Item Id="aQLlh6kF" _Name="Discrete input #5" DType="I" AlarmValue="0" OnMsg="Message 1" OffMsg="Message 0" Inverse="false" />
      <Item Id="Odw57Pc7" _Name="Discrete input #6" DType="I" AlarmValue="0" OnMsg="Message 1" OffMsg="Message 0" Inverse="false" />
      <Item Id="0th6OMF9" _Name="Discrete input #7" DType="I" AlarmValue="0" OnMsg="Message 1" OffMsg="Message 0" Inverse="false" />
      <Item Id="AxUUDtf6" _Name="Discrete input #8" DType="I" AlarmValue="0" OnMsg="Message 1" OffMsg="Message 0" Inverse="false" />
      <Item Id="cO23rW6B" _Name="Discrete input #9" DType="I" AlarmValue="0" OnMsg="Message 1" OffMsg="Message 0" Inverse="false" />
      <Item Id="29G6Xw7P" _Name="Discrete input #10" DType="I" AlarmValue="0" OnMsg="Message 1" OffMsg="Message 0" Inverse="false" />
      <Item Id="bPNrNFR5" _Name="Discrete output #1" DType="I" AlarmValue="0" OnMsg="Message 1" OffMsg="Message 0" Inverse="false" />
      <Item Id="1uNRCxI5" _Name="Discrete output #2" DType="I" AlarmValue="0" OnMsg="Message 1" OffMsg="Message 0" Inverse="false" />
      <Item Id="bK6AMUeL" _Name="Discrete output #3" DType="I" AlarmValue="0" OnMsg="Message 1" OffMsg="Message 0" Inverse="false" />
      <Item Id="SgqB3dYq" _Name="Discrete output #4" DType="I" AlarmValue="0" OnMsg="Message 1" OffMsg="Message 0" Inverse="false" />
      <Item Id="SaViuYKp" _Name="Discrete output #5" DType="I" AlarmValue="0" OnMsg="Message 1" OffMsg="Message 0" Inverse="false" />
      <Item Id="TkgHV8oi" _Name="Discrete output #6" DType="I" AlarmValue="0" OnMsg="Message 1" OffMsg="Message 0" Inverse="false" />
      <Item Id="nneI3F9d" _Name="Discrete output #7" DType="I" AlarmValue="0" OnMsg="Message 1" OffMsg="Message 0" Inverse="false" />
      <Item Id="iynEXIBf" _Name="Discrete output #8" DType="I" AlarmValue="0" OnMsg="Message 1" OffMsg="Message 0" Inverse="false" />
      <Item Id="bmt3DUUM" _Name="Discrete output #9" DType="I" AlarmValue="0" OnMsg="Message 1" OffMsg="Message 0" Inverse="false" />
      <Item Id="ih7IIG6t" _Name="Discrete output #10" DType="I" AlarmValue="0" OnMsg="Message 1" OffMsg="Message 0" Inverse="false" />
      <Item Id="GxE9C3nd" _Name="Door" DType="W" AlarmValue="0" OnMsg="Closed" OffMsg="Open" Inverse="false" />
      <Item Id="nzaaAGnL" _Name="Sensor" DType="I" AlarmValue="0" OnMsg="Message 1" OffMsg="Message 0" Inverse="false" />
    </Device>
    <Device Id="lCSVa5DB" _Name="SMART PLANT DASHBOARD">
      <Item Id="2s9K2p1k" _Name="@generic" DType="A" AlarmValue="1" OnMsg="Alarm" OffMsg="OK" Inverse="false" />
      <Item Id="oz8xaHS5" _Name="@genericWarning" DType="W" AlarmValue="1" OnMsg="Warning" OffMsg="OK" Inverse="false" />
      <Item Id="SrtzoSXy" _Name="@poll-enabled" DType="I" AlarmValue="0" OnMsg="Message 1" OffMsg="Message 0" Inverse="false" />
      <Item Id="la27ybrk" _Name="Connect" DType="A" AlarmValue="0" OnMsg="Exist" OffMsg="Lost" Inverse="false" />
    </Device>
  </Devices>
</root>