<?xml version="1.0" encoding="utf-8"?>
<root xmlns:xsi="http://www.w3.org/2001/XMLSchema-instance" xmlns:xsd="http://www.w3.org/2001/XMLSchema">
  <Devices>
    <Device Id="3IZNTSTD" _Name="virtual_1" />
    <Device Id="bkl9hdc7" _Name="Demo001" />
    <Device Id="MTJdcUnA" _Name="Demo002" />
    <Device Id="lCSVa5DB" _Name="SMART PLANT DASHBOARD">
      <Item Id="a3PjLhUh" _Name="@comm-bad-responses" />
      <Item Id="1vuXMAjK" _Name="@comm-rx" />
      <Item Id="6k2lTzgH" _Name="@comm-timeouts" />
      <Item Id="JYWF9IAC" _Name="@comm-tx" />
      <Item Id="aL0xUals" _Name="Air Temperature" ItemMapId="nJmTTgWe" />
      <Item Id="jfIgzMBU" _Name="Light Intensity" ItemMapId="UjYsEKgW" />
      <Item Id="xn63VLHB" _Name="Soil Moisture" ItemMapId="5fzz7NOz" />
    </Device>
  </Devices>
</root>