<?xml version="1.0" encoding="utf-8"?>
<root xmlns:xsi="http://www.w3.org/2001/XMLSchema-instance" xmlns:xsd="http://www.w3.org/2001/XMLSchema">
  <Devices>
    <Device Id="3IZNTSTD" _Name="virtual_1">
      <Item Id="EP95e0hK" _Name="ackFloat" Units="" InMin="0" InMax="0" OutMin="0" OutMax="0" HiHi="100" Hi="75" Lo="50" LoLo="25" eHiHi="true" eHi="true" eLo="true" eLoLo="true" mHiHi="HiHi" mHi="Hi" mLo="Lo" mLoLo="LoLo" />
      <Item Id="ppm2veC3" _Name="ackInterval" Units="" InMin="0" InMax="0" OutMin="0" OutMax="0" HiHi="100" Hi="75" Lo="50" LoLo="25" eHiHi="true" eHi="true" eLo="true" eLoLo="true" mHiHi="HiHi" mHi="Hi" mLo="Lo" mLoLo="LoLo" />
      <Item Id="29wtvLwj" _Name="amperage" Units="" InMin="0" InMax="0" OutMin="0" OutMax="0" HiHi="100" Hi="75" Lo="50" LoLo="25" eHiHi="true" eHi="true" eLo="true" eLoLo="true" mHiHi="HiHi" mHi="Hi" mLo="Lo" mLoLo="LoLo" />
      <Item Id="MYVvCpOz" _Name="calculationInterval" Units="" InMin="0" InMax="0" OutMin="0" OutMax="0" HiHi="100" Hi="75" Lo="50" LoLo="25" eHiHi="true" eHi="true" eLo="true" eLoLo="true" mHiHi="HiHi" mHi="Hi" mLo="Lo" mLoLo="LoLo" />
      <Item Id="h8PL2LwW" _Name="cmd" Units="" InMin="0" InMax="0" OutMin="0" OutMax="0" HiHi="100" Hi="75" Lo="50" LoLo="25" eHiHi="true" eHi="true" eLo="true" eLoLo="true" mHiHi="HiHi" mHi="Hi" mLo="Lo" mLoLo="LoLo" />
      <Item Id="JsrDe8RD" _Name="consumption" Units="" InMin="0" InMax="0" OutMin="0" OutMax="0" HiHi="100" Hi="75" Lo="50" LoLo="25" eHiHi="true" eHi="true" eLo="true" eLoLo="true" mHiHi="HiHi" mHi="Hi" mLo="Lo" mLoLo="LoLo" />
      <Item Id="NNCzXvPU" _Name="discreteCounter" Units="" InMin="0" InMax="0" OutMin="0" OutMax="0" HiHi="100" Hi="75" Lo="50" LoLo="25" eHiHi="true" eHi="true" eLo="true" eLoLo="true" mHiHi="HiHi" mHi="Hi" mLo="Lo" mLoLo="LoLo" />
      <Item Id="lsvBm18y" _Name="efficiencyInstant1" Units="" InMin="0" InMax="0" OutMin="0" OutMax="0" HiHi="100" Hi="75" Lo="50" LoLo="25" eHiHi="true" eHi="true" eLo="true" eLoLo="true" mHiHi="HiHi" mHi="Hi" mLo="Lo" mLoLo="LoLo" />
      <Item Id="NNvfTM80" _Name="efficiencySummary1" Units="" InMin="0" InMax="0" OutMin="0" OutMax="0" HiHi="100" Hi="75" Lo="50" LoLo="25" eHiHi="true" eHi="true" eLo="true" eLoLo="true" mHiHi="HiHi" mHi="Hi" mLo="Lo" mLoLo="LoLo" />
      <Item Id="ewcVjEY2" _Name="energy" Units="" InMin="0" InMax="0" OutMin="0" OutMax="0" HiHi="100" Hi="75" Lo="50" LoLo="25" eHiHi="true" eHi="true" eLo="true" eLoLo="true" mHiHi="HiHi" mHi="Hi" mLo="Lo" mLoLo="LoLo" />
      <Item Id="Dcc9eGsD" _Name="float1" Units="" InMin="0" InMax="0" OutMin="0" OutMax="0" HiHi="100" Hi="75" Lo="50" LoLo="25" eHiHi="true" eHi="true" eLo="true" eLoLo="true" mHiHi="HiHi" mHi="Hi" mLo="Lo" mLoLo="LoLo" />
      <Item Id="qEhLIfgZ" _Name="floatCounter" Units="" InMin="0" InMax="0" OutMin="0" OutMax="0" HiHi="100" Hi="75" Lo="50" LoLo="25" eHiHi="true" eHi="true" eLo="true" eLoLo="true" mHiHi="HiHi" mHi="Hi" mLo="Lo" mLoLo="LoLo" />
      <Item Id="Z5sXA0n2" _Name="floatToNotify" Units="" InMin="0" InMax="0" OutMin="0" OutMax="0" HiHi="100" Hi="75" Lo="50" LoLo="25" eHiHi="true" eHi="true" eLo="true" eLoLo="true" mHiHi="HiHi" mHi="Hi" mLo="Lo" mLoLo="LoLo" />
      <Item Id="J6SrSoP2" _Name="hihiShift" Units="" InMin="0" InMax="0" OutMin="0" OutMax="0" HiHi="100" Hi="75" Lo="50" LoLo="25" eHiHi="true" eHi="true" eLo="true" eLoLo="true" mHiHi="HiHi" mHi="Hi" mLo="Lo" mLoLo="LoLo" />
      <Item Id="U1cNbs4w" _Name="hiShift" Units="" InMin="0" InMax="0" OutMin="0" OutMax="0" HiHi="100" Hi="75" Lo="50" LoLo="25" eHiHi="true" eHi="true" eLo="true" eLoLo="true" mHiHi="HiHi" mHi="Hi" mLo="Lo" mLoLo="LoLo" />
      <Item Id="0k6Hjxxg" _Name="kd" Units="" InMin="0" InMax="0" OutMin="0" OutMax="0" HiHi="100" Hi="75" Lo="50" LoLo="25" eHiHi="true" eHi="true" eLo="true" eLoLo="true" mHiHi="HiHi" mHi="Hi" mLo="Lo" mLoLo="LoLo" />
      <Item Id="3vMgUEZy" _Name="ki" Units="" InMin="0" InMax="0" OutMin="0" OutMax="0" HiHi="100" Hi="75" Lo="50" LoLo="25" eHiHi="true" eHi="true" eLo="true" eLoLo="true" mHiHi="HiHi" mHi="Hi" mLo="Lo" mLoLo="LoLo" />
      <Item Id="voO3GmtM" _Name="kp" Units="" InMin="0" InMax="0" OutMin="0" OutMax="0" HiHi="100" Hi="75" Lo="50" LoLo="25" eHiHi="true" eHi="true" eLo="true" eLoLo="true" mHiHi="HiHi" mHi="Hi" mLo="Lo" mLoLo="LoLo" />
      <Item Id="xa1mQs3F" _Name="loloShift" Units="" InMin="0" InMax="0" OutMin="0" OutMax="0" HiHi="100" Hi="75" Lo="50" LoLo="25" eHiHi="true" eHi="true" eLo="true" eLoLo="true" mHiHi="HiHi" mHi="Hi" mLo="Lo" mLoLo="LoLo" />
      <Item Id="1Ja5URuy" _Name="loShift" Units="" InMin="0" InMax="0" OutMin="0" OutMax="0" HiHi="100" Hi="75" Lo="50" LoLo="25" eHiHi="true" eHi="true" eLo="true" eLoLo="true" mHiHi="HiHi" mHi="Hi" mLo="Lo" mLoLo="LoLo" />
      <Item Id="q4LCIUfV" _Name="operatingTime" Units="" InMin="0" InMax="0" OutMin="0" OutMax="0" HiHi="100" Hi="75" Lo="50" LoLo="25" eHiHi="true" eHi="true" eLo="true" eLoLo="true" mHiHi="HiHi" mHi="Hi" mLo="Lo" mLoLo="LoLo" />
      <Item Id="y0CBS4OX" _Name="perfomance" Units="" InMin="0" InMax="0" OutMin="0" OutMax="0" HiHi="100" Hi="75" Lo="50" LoLo="25" eHiHi="true" eHi="true" eLo="true" eLoLo="true" mHiHi="HiHi" mHi="Hi" mLo="Lo" mLoLo="LoLo" />
      <Item Id="Bl2EH5et" _Name="production1" Units="" InMin="0" InMax="0" OutMin="0" OutMax="0" HiHi="100" Hi="75" Lo="50" LoLo="25" eHiHi="true" eHi="true" eLo="true" eLoLo="true" mHiHi="HiHi" mHi="Hi" mLo="Lo" mLoLo="LoLo" />
      <Item Id="Yd6VF5xK" _Name="production2" Units="" InMin="0" InMax="0" OutMin="0" OutMax="0" HiHi="100" Hi="75" Lo="50" LoLo="25" eHiHi="true" eHi="true" eLo="true" eLoLo="true" mHiHi="HiHi" mHi="Hi" mLo="Lo" mLoLo="LoLo" />
      <Item Id="qLeHwduv" _Name="reachTime" Units="" InMin="0" InMax="0" OutMin="0" OutMax="0" HiHi="100" Hi="75" Lo="50" LoLo="25" eHiHi="true" eHi="true" eLo="true" eLoLo="true" mHiHi="HiHi" mHi="Hi" mLo="Lo" mLoLo="LoLo" />
      <Item Id="HlDl3puH" _Name="reachValue" Units="" InMin="0" InMax="0" OutMin="0" OutMax="0" HiHi="100" Hi="75" Lo="50" LoLo="25" eHiHi="true" eHi="true" eLo="true" eLoLo="true" mHiHi="HiHi" mHi="Hi" mLo="Lo" mLoLo="LoLo" />
      <Item Id="au6igrSV" _Name="resistance" Units="" InMin="0" InMax="0" OutMin="0" OutMax="0" HiHi="100" Hi="75" Lo="50" LoLo="25" eHiHi="true" eHi="true" eLo="true" eLoLo="true" mHiHi="HiHi" mHi="Hi" mLo="Lo" mLoLo="LoLo" />
      <Item Id="e5VVp6X9" _Name="setpoint" Units="" InMin="0" InMax="0" OutMin="0" OutMax="0" HiHi="100" Hi="75" Lo="50" LoLo="25" eHiHi="true" eHi="true" eLo="true" eLoLo="true" mHiHi="HiHi" mHi="Hi" mLo="Lo" mLoLo="LoLo" />
      <Item Id="BgCoytRK" _Name="setpointDelay" Units="" InMin="0" InMax="0" OutMin="0" OutMax="0" HiHi="100" Hi="75" Lo="50" LoLo="25" eHiHi="true" eHi="true" eLo="true" eLoLo="true" mHiHi="HiHi" mHi="Hi" mLo="Lo" mLoLo="LoLo" />
      <Item Id="A5fJDAqE" _Name="signal1" Units="" InMin="0" InMax="0" OutMin="0" OutMax="0" HiHi="100" Hi="75" Lo="50" LoLo="25" eHiHi="true" eHi="true" eLo="true" eLoLo="true" mHiHi="HiHi" mHi="Hi" mLo="Lo" mLoLo="LoLo" />
      <Item Id="JIJsRUuV" _Name="signal2" Units="" InMin="0" InMax="0" OutMin="0" OutMax="0" HiHi="100" Hi="75" Lo="50" LoLo="25" eHiHi="true" eHi="true" eLo="true" eLoLo="true" mHiHi="HiHi" mHi="Hi" mLo="Lo" mLoLo="LoLo" />
      <Item Id="52IRvSye" _Name="signal3" Units="" InMin="0" InMax="0" OutMin="0" OutMax="0" HiHi="100" Hi="75" Lo="50" LoLo="25" eHiHi="true" eHi="true" eLo="true" eLoLo="true" mHiHi="HiHi" mHi="Hi" mLo="Lo" mLoLo="LoLo" />
      <Item Id="JGUpqAqy" _Name="signal4" Units="" InMin="0" InMax="0" OutMin="0" OutMax="0" HiHi="100" Hi="75" Lo="50" LoLo="25" eHiHi="true" eHi="true" eLo="true" eLoLo="true" mHiHi="HiHi" mHi="Hi" mLo="Lo" mLoLo="LoLo" />
      <Item Id="rL7z3d80" _Name="targetValue" Units="" InMin="0" InMax="0" OutMin="0" OutMax="0" HiHi="100" Hi="75" Lo="50" LoLo="25" eHiHi="true" eHi="true" eLo="true" eLoLo="true" mHiHi="HiHi" mHi="Hi" mLo="Lo" mLoLo="LoLo" />
      <Item Id="x92u21IP" _Name="testVar" Units="" InMin="0" InMax="0" OutMin="0" OutMax="0" HiHi="100" Hi="75" Lo="50" LoLo="25" eHiHi="true" eHi="true" eLo="true" eLoLo="true" mHiHi="HiHi" mHi="Hi" mLo="Lo" mLoLo="LoLo" />
      <Item Id="MfcnXKdE" _Name="value" Units="" InMin="0" InMax="0" OutMin="0" OutMax="0" HiHi="100" Hi="75" Lo="50" LoLo="25" eHiHi="true" eHi="true" eLo="true" eLoLo="true" mHiHi="HiHi" mHi="Hi" mLo="Lo" mLoLo="LoLo" />
      <Item Id="Ak9TvH8r" _Name="value-raw" Units="" InMin="0" InMax="0" OutMin="0" OutMax="0" HiHi="100" Hi="75" Lo="50" LoLo="25" eHiHi="true" eHi="true" eLo="true" eLoLo="true" mHiHi="HiHi" mHi="Hi" mLo="Lo" mLoLo="LoLo" />
      <Item Id="Q00R57vc" _Name="valueToPredict" Units="" InMin="0" InMax="0" OutMin="0" OutMax="0" HiHi="100" Hi="75" Lo="50" LoLo="25" eHiHi="true" eHi="true" eLo="true" eLoLo="true" mHiHi="HiHi" mHi="Hi" mLo="Lo" mLoLo="LoLo" />
      <Item Id="2w6wkDUg" _Name="voltage" Units="" InMin="0" InMax="0" OutMin="0" OutMax="0" HiHi="100" Hi="75" Lo="50" LoLo="25" eHiHi="true" eHi="true" eLo="true" eLoLo="true" mHiHi="HiHi" mHi="Hi" mLo="Lo" mLoLo="LoLo" />
      <Item Id="t2gU11vW" _Name="voltageSetpoint" Units="" InMin="0" InMax="0" OutMin="0" OutMax="0" HiHi="100" Hi="75" Lo="50" LoLo="25" eHiHi="true" eHi="true" eLo="true" eLoLo="true" mHiHi="HiHi" mHi="Hi" mLo="Lo" mLoLo="LoLo" />
    </Device>
    <Device Id="bkl9hdc7" _Name="Demo001">
      <Item Id="1Sc6sz1K" _Name="Analog input #1" Units="" InMin="0" InMax="0" OutMin="0" OutMax="0" HiHi="95" Hi="90" Lo="10" LoLo="5" eHiHi="true" eHi="true" eLo="true" eLoLo="true" mHiHi="HiHi" mHi="Hi" mLo="Lo" mLoLo="LoLo" />
      <Item Id="3Yvq5P9w" _Name="Analog input #2" Units="" InMin="0" InMax="0" OutMin="0" OutMax="0" HiHi="95" Hi="90" Lo="10" LoLo="5" eHiHi="true" eHi="true" eLo="true" eLoLo="true" mHiHi="HiHi" mHi="Hi" mLo="Lo" mLoLo="LoLo" />
      <Item Id="o82UZ8Hx" _Name="Analog input #3" Units="" InMin="0" InMax="0" OutMin="0" OutMax="0" HiHi="95" Hi="90" Lo="10" LoLo="5" eHiHi="true" eHi="true" eLo="true" eLoLo="true" mHiHi="HiHi" mHi="Hi" mLo="Lo" mLoLo="LoLo" />
      <Item Id="ngaLgcP4" _Name="Analog input #4" Units="" InMin="0" InMax="0" OutMin="0" OutMax="0" HiHi="95" Hi="90" Lo="10" LoLo="5" eHiHi="true" eHi="true" eLo="true" eLoLo="true" mHiHi="HiHi" mHi="Hi" mLo="Lo" mLoLo="LoLo" />
      <Item Id="uvMfob46" _Name="Analog input #5" Units="" InMin="0" InMax="0" OutMin="0" OutMax="0" HiHi="95" Hi="90" Lo="10" LoLo="5" eHiHi="true" eHi="true" eLo="true" eLoLo="true" mHiHi="HiHi" mHi="Hi" mLo="Lo" mLoLo="LoLo" />
      <Item Id="fdcGICb0" _Name="Analog input #6" Units="" InMin="0" InMax="0" OutMin="0" OutMax="0" HiHi="95" Hi="90" Lo="10" LoLo="5" eHiHi="true" eHi="true" eLo="true" eLoLo="true" mHiHi="HiHi" mHi="Hi" mLo="Lo" mLoLo="LoLo" />
      <Item Id="LNwXlddo" _Name="Analog input #7" Units="" InMin="0" InMax="0" OutMin="0" OutMax="0" HiHi="95" Hi="90" Lo="10" LoLo="5" eHiHi="true" eHi="true" eLo="true" eLoLo="true" mHiHi="HiHi" mHi="Hi" mLo="Lo" mLoLo="LoLo" />
      <Item Id="DigYbo3r" _Name="Analog input #8" Units="" InMin="0" InMax="0" OutMin="0" OutMax="0" HiHi="95" Hi="90" Lo="10" LoLo="5" eHiHi="true" eHi="true" eLo="true" eLoLo="true" mHiHi="HiHi" mHi="Hi" mLo="Lo" mLoLo="LoLo" />
      <Item Id="2PmA0E6Y" _Name="Analog input #9" Units="" InMin="0" InMax="0" OutMin="0" OutMax="0" HiHi="95" Hi="90" Lo="10" LoLo="5" eHiHi="true" eHi="true" eLo="true" eLoLo="true" mHiHi="HiHi" mHi="Hi" mLo="Lo" mLoLo="LoLo" />
      <Item Id="a8lg4Qjd" _Name="Analog input #10" Units="" InMin="0" InMax="0" OutMin="0" OutMax="0" HiHi="95" Hi="90" Lo="10" LoLo="5" eHiHi="true" eHi="true" eLo="true" eLoLo="true" mHiHi="HiHi" mHi="Hi" mLo="Lo" mLoLo="LoLo" />
      <Item Id="j8Q2SGYo" _Name="Analog output #1" Units="" InMin="0" InMax="0" OutMin="0" OutMax="0" HiHi="95" Hi="90" Lo="-10" LoLo="-15" eHiHi="true" eHi="true" eLo="true" eLoLo="true" mHiHi="HiHi" mHi="Hi" mLo="Lo" mLoLo="LoLo" />
      <Item Id="26evsEYf" _Name="Analog output #2" Units="" InMin="0" InMax="0" OutMin="0" OutMax="0" HiHi="95" Hi="90" Lo="-10" LoLo="-15" eHiHi="true" eHi="true" eLo="true" eLoLo="true" mHiHi="HiHi" mHi="Hi" mLo="Lo" mLoLo="LoLo" />
      <Item Id="IFoX3Qrx" _Name="Analog output #3" Units="" InMin="0" InMax="0" OutMin="0" OutMax="0" HiHi="95" Hi="90" Lo="-10" LoLo="-15" eHiHi="true" eHi="true" eLo="true" eLoLo="true" mHiHi="HiHi" mHi="Hi" mLo="Lo" mLoLo="LoLo" />
      <Item Id="8kS4cbdi" _Name="Analog output #4" Units="" InMin="0" InMax="0" OutMin="0" OutMax="0" HiHi="95" Hi="90" Lo="-10" LoLo="-15" eHiHi="true" eHi="true" eLo="true" eLoLo="true" mHiHi="HiHi" mHi="Hi" mLo="Lo" mLoLo="LoLo" />
      <Item Id="hfkbXMAT" _Name="Analog output #5" Units="" InMin="0" InMax="0" OutMin="0" OutMax="0" HiHi="95" Hi="90" Lo="-10" LoLo="-15" eHiHi="true" eHi="true" eLo="true" eLoLo="true" mHiHi="HiHi" mHi="Hi" mLo="Lo" mLoLo="LoLo" />
      <Item Id="0czVnj09" _Name="Analog output #6" Units="" InMin="0" InMax="0" OutMin="0" OutMax="0" HiHi="95" Hi="90" Lo="-10" LoLo="-15" eHiHi="true" eHi="true" eLo="true" eLoLo="true" mHiHi="HiHi" mHi="Hi" mLo="Lo" mLoLo="LoLo" />
      <Item Id="MbqMTTlJ" _Name="Analog output #7" Units="" InMin="0" InMax="0" OutMin="0" OutMax="0" HiHi="95" Hi="90" Lo="-10" LoLo="-15" eHiHi="true" eHi="true" eLo="true" eLoLo="true" mHiHi="HiHi" mHi="Hi" mLo="Lo" mLoLo="LoLo" />
      <Item Id="vbkbKTkb" _Name="Analog output #8" Units="" InMin="0" InMax="0" OutMin="0" OutMax="0" HiHi="95" Hi="90" Lo="-10" LoLo="-15" eHiHi="true" eHi="true" eLo="true" eLoLo="true" mHiHi="HiHi" mHi="Hi" mLo="Lo" mLoLo="LoLo" />
      <Item Id="bTWMhv4r" _Name="Analog output #9" Units="" InMin="0" InMax="0" OutMin="0" OutMax="0" HiHi="95" Hi="90" Lo="-10" LoLo="-15" eHiHi="true" eHi="true" eLo="true" eLoLo="true" mHiHi="HiHi" mHi="Hi" mLo="Lo" mLoLo="LoLo" />
      <Item Id="Tszqty5M" _Name="Analog output #10" Units="" InMin="0" InMax="0" OutMin="0" OutMax="0" HiHi="95" Hi="90" Lo="-10" LoLo="-15" eHiHi="true" eHi="true" eLo="true" eLoLo="true" mHiHi="HiHi" mHi="Hi" mLo="Lo" mLoLo="LoLo" />
      <Item Id="Ehqmk4h8" _Name="Cmd_Float" Units="" InMin="0" InMax="0" OutMin="0" OutMax="0" HiHi="100" Hi="75" Lo="50" LoLo="25" eHiHi="true" eHi="true" eLo="true" eLoLo="true" mHiHi="HiHi" mHi="Hi" mLo="Lo" mLoLo="LoLo" />
      <Item Id="RtZPAS1Q" _Name="Current" Units="A" InMin="0" InMax="0" OutMin="0" OutMax="0" HiHi="15" Hi="14" Lo="7" LoLo="6" eHiHi="true" eHi="true" eLo="true" eLoLo="true" mHiHi="HiHi" mHi="Hi" mLo="Lo" mLoLo="LoLo" />
      <Item Id="cktoS2H3" _Name="Humidity" Units="%" InMin="0" InMax="0" OutMin="0" OutMax="0" HiHi="95" Hi="90" Lo="75" LoLo="70" eHiHi="true" eHi="true" eLo="true" eLoLo="true" mHiHi="HiHi" mHi="Hi" mLo="Lo" mLoLo="LoLo" />
      <Item Id="Y8PVcl5G" _Name="Temperature" Units="ºC" InMin="0" InMax="0" OutMin="0" OutMax="0" HiHi="25" Hi="24" Lo="18" LoLo="17" eHiHi="true" eHi="true" eLo="true" eLoLo="true" mHiHi="HiHi" mHi="Hi" mLo="Lo" mLoLo="LoLo" />
      <Item Id="5KoJqLMV" _Name="Voltage" Units="V" InMin="0" InMax="0" OutMin="0" OutMax="0" HiHi="250" Hi="240" Lo="210" LoLo="200" eHiHi="true" eHi="true" eLo="true" eLoLo="true" mHiHi="HiHi" mHi="Hi" mLo="Lo" mLoLo="LoLo" />
    </Device>
    <Device Id="MTJdcUnA" _Name="Demo002">
      <Item Id="cDvj4xyo" _Name="Analog input #1" Units="" InMin="0" InMax="0" OutMin="0" OutMax="0" HiHi="95" Hi="90" Lo="10" LoLo="5" eHiHi="true" eHi="true" eLo="true" eLoLo="true" mHiHi="HiHi" mHi="Hi" mLo="Lo" mLoLo="LoLo" />
      <Item Id="oO1ZhPd2" _Name="Analog input #2" Units="" InMin="0" InMax="0" OutMin="0" OutMax="0" HiHi="95" Hi="90" Lo="10" LoLo="5" eHiHi="true" eHi="true" eLo="true" eLoLo="true" mHiHi="HiHi" mHi="Hi" mLo="Lo" mLoLo="LoLo" />
      <Item Id="KBKEfAVP" _Name="Analog input #3" Units="" InMin="0" InMax="0" OutMin="0" OutMax="0" HiHi="95" Hi="90" Lo="10" LoLo="5" eHiHi="true" eHi="true" eLo="true" eLoLo="true" mHiHi="HiHi" mHi="Hi" mLo="Lo" mLoLo="LoLo" />
      <Item Id="Uz2xAxlb" _Name="Analog input #4" Units="" InMin="0" InMax="0" OutMin="0" OutMax="0" HiHi="95" Hi="90" Lo="10" LoLo="5" eHiHi="true" eHi="true" eLo="true" eLoLo="true" mHiHi="HiHi" mHi="Hi" mLo="Lo" mLoLo="LoLo" />
      <Item Id="Th2UPKn5" _Name="Analog input #5" Units="" InMin="0" InMax="0" OutMin="0" OutMax="0" HiHi="95" Hi="90" Lo="10" LoLo="5" eHiHi="true" eHi="true" eLo="true" eLoLo="true" mHiHi="HiHi" mHi="Hi" mLo="Lo" mLoLo="LoLo" />
      <Item Id="MGHg9Jne" _Name="Analog input #6" Units="" InMin="0" InMax="0" OutMin="0" OutMax="0" HiHi="95" Hi="90" Lo="10" LoLo="5" eHiHi="true" eHi="true" eLo="true" eLoLo="true" mHiHi="HiHi" mHi="Hi" mLo="Lo" mLoLo="LoLo" />
      <Item Id="szhhn7yS" _Name="Analog input #7" Units="" InMin="0" InMax="0" OutMin="0" OutMax="0" HiHi="95" Hi="90" Lo="10" LoLo="5" eHiHi="true" eHi="true" eLo="true" eLoLo="true" mHiHi="HiHi" mHi="Hi" mLo="Lo" mLoLo="LoLo" />
      <Item Id="PLSeUOgn" _Name="Analog input #8" Units="" InMin="0" InMax="0" OutMin="0" OutMax="0" HiHi="95" Hi="90" Lo="10" LoLo="5" eHiHi="true" eHi="true" eLo="true" eLoLo="true" mHiHi="HiHi" mHi="Hi" mLo="Lo" mLoLo="LoLo" />
      <Item Id="Nh9ZO066" _Name="Analog input #9" Units="" InMin="0" InMax="0" OutMin="0" OutMax="0" HiHi="95" Hi="90" Lo="10" LoLo="5" eHiHi="true" eHi="true" eLo="true" eLoLo="true" mHiHi="HiHi" mHi="Hi" mLo="Lo" mLoLo="LoLo" />
      <Item Id="89TgPWnV" _Name="Analog input #10" Units="" InMin="0" InMax="0" OutMin="0" OutMax="0" HiHi="95" Hi="90" Lo="10" LoLo="5" eHiHi="true" eHi="true" eLo="true" eLoLo="true" mHiHi="HiHi" mHi="Hi" mLo="Lo" mLoLo="LoLo" />
      <Item Id="YndiR8oI" _Name="Analog output #1" Units="" InMin="0" InMax="0" OutMin="0" OutMax="0" HiHi="95" Hi="90" Lo="-10" LoLo="-15" eHiHi="true" eHi="true" eLo="true" eLoLo="true" mHiHi="HiHi" mHi="Hi" mLo="Lo" mLoLo="LoLo" />
      <Item Id="djlKFPAB" _Name="Analog output #2" Units="" InMin="0" InMax="0" OutMin="0" OutMax="0" HiHi="95" Hi="90" Lo="-10" LoLo="-15" eHiHi="true" eHi="true" eLo="true" eLoLo="true" mHiHi="HiHi" mHi="Hi" mLo="Lo" mLoLo="LoLo" />
      <Item Id="Ixw2XUGk" _Name="Analog output #3" Units="" InMin="0" InMax="0" OutMin="0" OutMax="0" HiHi="95" Hi="90" Lo="-10" LoLo="-15" eHiHi="true" eHi="true" eLo="true" eLoLo="true" mHiHi="HiHi" mHi="Hi" mLo="Lo" mLoLo="LoLo" />
      <Item Id="AUF3hB7K" _Name="Analog output #4" Units="" InMin="0" InMax="0" OutMin="0" OutMax="0" HiHi="95" Hi="90" Lo="-10" LoLo="-15" eHiHi="true" eHi="true" eLo="true" eLoLo="true" mHiHi="HiHi" mHi="Hi" mLo="Lo" mLoLo="LoLo" />
      <Item Id="IesRSbjG" _Name="Analog output #5" Units="" InMin="0" InMax="0" OutMin="0" OutMax="0" HiHi="95" Hi="90" Lo="-10" LoLo="-15" eHiHi="true" eHi="true" eLo="true" eLoLo="true" mHiHi="HiHi" mHi="Hi" mLo="Lo" mLoLo="LoLo" />
      <Item Id="eY3oc7va" _Name="Analog output #6" Units="" InMin="0" InMax="0" OutMin="0" OutMax="0" HiHi="95" Hi="90" Lo="-10" LoLo="-15" eHiHi="true" eHi="true" eLo="true" eLoLo="true" mHiHi="HiHi" mHi="Hi" mLo="Lo" mLoLo="LoLo" />
      <Item Id="iguG2VJz" _Name="Analog output #7" Units="" InMin="0" InMax="0" OutMin="0" OutMax="0" HiHi="95" Hi="90" Lo="-10" LoLo="-15" eHiHi="true" eHi="true" eLo="true" eLoLo="true" mHiHi="HiHi" mHi="Hi" mLo="Lo" mLoLo="LoLo" />
      <Item Id="htNUXQ7T" _Name="Analog output #8" Units="" InMin="0" InMax="0" OutMin="0" OutMax="0" HiHi="95" Hi="90" Lo="-10" LoLo="-15" eHiHi="true" eHi="true" eLo="true" eLoLo="true" mHiHi="HiHi" mHi="Hi" mLo="Lo" mLoLo="LoLo" />
      <Item Id="fKiaay3k" _Name="Analog output #9" Units="" InMin="0" InMax="0" OutMin="0" OutMax="0" HiHi="95" Hi="90" Lo="-10" LoLo="-15" eHiHi="true" eHi="true" eLo="true" eLoLo="true" mHiHi="HiHi" mHi="Hi" mLo="Lo" mLoLo="LoLo" />
      <Item Id="3TscUhBq" _Name="Analog output #10" Units="" InMin="0" InMax="0" OutMin="0" OutMax="0" HiHi="95" Hi="90" Lo="-10" LoLo="-15" eHiHi="true" eHi="true" eLo="true" eLoLo="true" mHiHi="HiHi" mHi="Hi" mLo="Lo" mLoLo="LoLo" />
      <Item Id="f8e9tN3J" _Name="Cmd_Float" Units="" InMin="0" InMax="0" OutMin="0" OutMax="0" HiHi="100" Hi="75" Lo="50" LoLo="25" eHiHi="true" eHi="true" eLo="true" eLoLo="true" mHiHi="HiHi" mHi="Hi" mLo="Lo" mLoLo="LoLo" />
      <Item Id="Fvu7uZwm" _Name="Current" Units="A" InMin="0" InMax="0" OutMin="0" OutMax="0" HiHi="15" Hi="14" Lo="7" LoLo="6" eHiHi="true" eHi="true" eLo="true" eLoLo="true" mHiHi="HiHi" mHi="Hi" mLo="Lo" mLoLo="LoLo" />
      <Item Id="acQTVegt" _Name="Humidity" Units="%" InMin="0" InMax="0" OutMin="0" OutMax="0" HiHi="95" Hi="90" Lo="75" LoLo="70" eHiHi="true" eHi="true" eLo="true" eLoLo="true" mHiHi="HiHi" mHi="Hi" mLo="Lo" mLoLo="LoLo" />
      <Item Id="PGXtYsxd" _Name="Temperature" Units="ºC" InMin="0" InMax="0" OutMin="0" OutMax="0" HiHi="25" Hi="24" Lo="18" LoLo="17" eHiHi="true" eHi="true" eLo="true" eLoLo="true" mHiHi="HiHi" mHi="Hi" mLo="Lo" mLoLo="LoLo" />
      <Item Id="gjFpM3SR" _Name="Voltage" Units="V" InMin="0" InMax="0" OutMin="0" OutMax="0" HiHi="250" Hi="240" Lo="210" LoLo="200" eHiHi="true" eHi="true" eLo="true" eLoLo="true" mHiHi="HiHi" mHi="Hi" mLo="Lo" mLoLo="LoLo" />
    </Device>
    <Device Id="lCSVa5DB" _Name="SMART PLANT DASHBOARD">
      <Item Id="x3l2qFUL" _Name="Air Temperature. Temperatur" Units="°C" InMin="0" InMax="0" OutMin="0" OutMax="0" HiHi="100" Hi="75" Lo="50" LoLo="25" eHiHi="true" eHi="true" eLo="true" eLoLo="true" mHiHi="HiHi" mHi="Hi" mLo="Lo" mLoLo="LoLo" />
      <Item Id="exw7hvzS" _Name="Light Intensity. Light Intensity" Units="Lux" InMin="0" InMax="0" OutMin="0" OutMax="0" HiHi="100" Hi="75" Lo="50" LoLo="25" eHiHi="true" eHi="true" eLo="true" eLoLo="true" mHiHi="HiHi" mHi="Hi" mLo="Lo" mLoLo="LoLo" />
      <Item Id="91b6WQtP" _Name="Soil Moisture. Soil Moisture" Units="%" InMin="0" InMax="0" OutMin="0" OutMax="0" HiHi="100" Hi="75" Lo="50" LoLo="25" eHiHi="true" eHi="true" eLo="true" eLoLo="true" mHiHi="HiHi" mHi="Hi" mLo="Lo" mLoLo="LoLo" />
    </Device>
  </Devices>
</root>