<?xml version="1.0" encoding="utf-8"?>
<root xmlns:xsi="http://www.w3.org/2001/XMLSchema-instance" xmlns:xsd="http://www.w3.org/2001/XMLSchema">
  <Devices>
    <Device Id="3IZNTSTD" _Name="virtual_1">
      <Item Id="yQtELyU5" _Name="@generic" WriteToDB="true" OnArrival="false" OnDelta="true" Delta="0.1" Cron="" Depth="0" />
      <Item Id="jMb5YJKT" _Name="@genericWarning" WriteToDB="true" OnArrival="false" OnDelta="true" Delta="0.1" Cron="" Depth="0" />
      <Item Id="nVSFgi9f" _Name="ackBit" WriteToDB="true" OnArrival="false" OnDelta="true" Delta="0.1" Cron="" Depth="0" />
      <Item Id="EP95e0hK" _Name="ackFloat" WriteToDB="true" OnArrival="false" OnDelta="true" Delta="0.1" Cron="" Depth="0" />
      <Item Id="ppm2veC3" _Name="ackInterval" WriteToDB="true" OnArrival="false" OnDelta="true" Delta="0.1" Cron="" Depth="0" />
      <Item Id="29wtvLwj" _Name="amperage" WriteToDB="true" OnArrival="false" OnDelta="true" Delta="0.1" Cron="" Depth="0" />
      <Item Id="SEXAVdtn" _Name="bit1" WriteToDB="true" OnArrival="false" OnDelta="true" Delta="0.1" Cron="" Depth="0" />
      <Item Id="XUNvcKRV" _Name="bitToNotify" WriteToDB="true" OnArrival="false" OnDelta="true" Delta="0.1" Cron="" Depth="0" />
      <Item Id="MYVvCpOz" _Name="calculationInterval" WriteToDB="true" OnArrival="false" OnDelta="true" Delta="0.1" Cron="" Depth="0" />
      <Item Id="h8PL2LwW" _Name="cmd" WriteToDB="true" OnArrival="false" OnDelta="true" Delta="0.1" Cron="" Depth="0" />
      <Item Id="LT7kiG7L" _Name="cmd-bit" WriteToDB="true" OnArrival="false" OnDelta="true" Delta="0.1" Cron="" Depth="0" />
      <Item Id="F1NoWkUL" _Name="com1" WriteToDB="true" OnArrival="false" OnDelta="true" Delta="0.1" Cron="" Depth="0" />
      <Item Id="zpX5pw49" _Name="com2" WriteToDB="true" OnArrival="false" OnDelta="true" Delta="0.1" Cron="" Depth="0" />
      <Item Id="4si8Om00" _Name="com3" WriteToDB="true" OnArrival="false" OnDelta="true" Delta="0.1" Cron="" Depth="0" />
      <Item Id="gJoGG6Zj" _Name="Connect" WriteToDB="true" OnArrival="false" OnDelta="true" Delta="0.1" Cron="" Depth="0" />
      <Item Id="JsrDe8RD" _Name="consumption" WriteToDB="true" OnArrival="false" OnDelta="true" Delta="0.1" Cron="" Depth="0" />
      <Item Id="NNCzXvPU" _Name="discreteCounter" WriteToDB="true" OnArrival="false" OnDelta="true" Delta="0.1" Cron="" Depth="0" />
      <Item Id="lsvBm18y" _Name="efficiencyInstant1" WriteToDB="true" OnArrival="false" OnDelta="true" Delta="0.1" Cron="" Depth="0" />
      <Item Id="NNvfTM80" _Name="efficiencySummary1" WriteToDB="true" OnArrival="false" OnDelta="true" Delta="0.1" Cron="" Depth="0" />
      <Item Id="ewcVjEY2" _Name="energy" WriteToDB="true" OnArrival="false" OnDelta="true" Delta="0.1" Cron="" Depth="0" />
      <Item Id="Dcc9eGsD" _Name="float1" WriteToDB="true" OnArrival="false" OnDelta="true" Delta="0.1" Cron="" Depth="0" />
      <Item Id="qEhLIfgZ" _Name="floatCounter" WriteToDB="true" OnArrival="false" OnDelta="true" Delta="0.1" Cron="" Depth="0" />
      <Item Id="Z5sXA0n2" _Name="floatToNotify" WriteToDB="true" OnArrival="false" OnDelta="true" Delta="0.1" Cron="" Depth="0" />
      <Item Id="J6SrSoP2" _Name="hihiShift" WriteToDB="true" OnArrival="false" OnDelta="true" Delta="0.1" Cron="" Depth="0" />
      <Item Id="U1cNbs4w" _Name="hiShift" WriteToDB="true" OnArrival="false" OnDelta="true" Delta="0.1" Cron="" Depth="0" />
      <Item Id="0k6Hjxxg" _Name="kd" WriteToDB="true" OnArrival="false" OnDelta="true" Delta="0.1" Cron="" Depth="0" />
      <Item Id="3vMgUEZy" _Name="ki" WriteToDB="true" OnArrival="false" OnDelta="true" Delta="0.1" Cron="" Depth="0" />
      <Item Id="voO3GmtM" _Name="kp" WriteToDB="true" OnArrival="false" OnDelta="true" Delta="0.1" Cron="" Depth="0" />
      <Item Id="xa1mQs3F" _Name="loloShift" WriteToDB="true" OnArrival="false" OnDelta="true" Delta="0.1" Cron="" Depth="0" />
      <Item Id="1Ja5URuy" _Name="loShift" WriteToDB="true" OnArrival="false" OnDelta="true" Delta="0.1" Cron="" Depth="0" />
      <Item Id="q4LCIUfV" _Name="operatingTime" WriteToDB="true" OnArrival="false" OnDelta="true" Delta="0.1" Cron="" Depth="0" />
      <Item Id="y0CBS4OX" _Name="perfomance" WriteToDB="true" OnArrival="false" OnDelta="true" Delta="0.1" Cron="" Depth="0" />
      <Item Id="Bl2EH5et" _Name="production1" WriteToDB="true" OnArrival="false" OnDelta="true" Delta="0.1" Cron="" Depth="0" />
      <Item Id="Yd6VF5xK" _Name="production2" WriteToDB="true" OnArrival="false" OnDelta="true" Delta="0.1" Cron="" Depth="0" />
      <Item Id="qLeHwduv" _Name="reachTime" WriteToDB="true" OnArrival="false" OnDelta="true" Delta="0.1" Cron="" Depth="0" />
      <Item Id="HlDl3puH" _Name="reachValue" WriteToDB="true" OnArrival="false" OnDelta="true" Delta="0.1" Cron="" Depth="0" />
      <Item Id="I1L3Uh4s" _Name="repair" WriteToDB="true" OnArrival="false" OnDelta="true" Delta="0.1" Cron="" Depth="0" />
      <Item Id="au6igrSV" _Name="resistance" WriteToDB="true" OnArrival="false" OnDelta="true" Delta="0.1" Cron="" Depth="0" />
      <Item Id="ZrAsilyd" _Name="saveCounted" WriteToDB="true" OnArrival="false" OnDelta="true" Delta="0.1" Cron="" Depth="0" />
      <Item Id="e5VVp6X9" _Name="setpoint" WriteToDB="true" OnArrival="false" OnDelta="true" Delta="0.1" Cron="" Depth="0" />
      <Item Id="BgCoytRK" _Name="setpointDelay" WriteToDB="true" OnArrival="false" OnDelta="true" Delta="0.1" Cron="" Depth="0" />
      <Item Id="A5fJDAqE" _Name="signal1" WriteToDB="true" OnArrival="false" OnDelta="true" Delta="0.1" Cron="" Depth="0" />
      <Item Id="JIJsRUuV" _Name="signal2" WriteToDB="true" OnArrival="false" OnDelta="true" Delta="0.1" Cron="" Depth="0" />
      <Item Id="52IRvSye" _Name="signal3" WriteToDB="true" OnArrival="false" OnDelta="true" Delta="0.1" Cron="" Depth="0" />
      <Item Id="JGUpqAqy" _Name="signal4" WriteToDB="true" OnArrival="false" OnDelta="true" Delta="0.1" Cron="" Depth="0" />
      <Item Id="rL7z3d80" _Name="targetValue" WriteToDB="true" OnArrival="false" OnDelta="true" Delta="0.1" Cron="" Depth="0" />
      <Item Id="x92u21IP" _Name="testVar" WriteToDB="true" OnArrival="false" OnDelta="true" Delta="0.1" Cron="" Depth="0" />
      <Item Id="MfcnXKdE" _Name="value" WriteToDB="true" OnArrival="false" OnDelta="true" Delta="0.1" Cron="" Depth="0" />
      <Item Id="Ak9TvH8r" _Name="value-raw" WriteToDB="true" OnArrival="false" OnDelta="true" Delta="0.1" Cron="" Depth="0" />
      <Item Id="Q00R57vc" _Name="valueToPredict" WriteToDB="true" OnArrival="false" OnDelta="true" Delta="0.1" Cron="" Depth="0" />
      <Item Id="2w6wkDUg" _Name="voltage" WriteToDB="true" OnArrival="false" OnDelta="true" Delta="0.1" Cron="" Depth="0" />
      <Item Id="t2gU11vW" _Name="voltageSetpoint" WriteToDB="true" OnArrival="false" OnDelta="true" Delta="0.1" Cron="" Depth="0" />
    </Device>
    <Device Id="bkl9hdc7" _Name="Demo001">
      <Item Id="Qsd2gDHf" _Name="@generic" WriteToDB="true" OnArrival="false" OnDelta="true" Delta="0.1" Cron="" Depth="0" />
      <Item Id="W1h6In9r" _Name="@genericWarning" WriteToDB="true" OnArrival="false" OnDelta="true" Delta="0.1" Cron="" Depth="0" />
      <Item Id="jEUnIEOE" _Name="@poll-enabled" WriteToDB="true" OnArrival="false" OnDelta="true" Delta="0.1" Cron="" Depth="0" />
      <Item Id="eOllvd5V" _Name="Alarm_system" WriteToDB="true" OnArrival="false" OnDelta="true" Delta="0.1" Cron="" Depth="0" />
      <Item Id="1Sc6sz1K" _Name="Analog input #1" WriteToDB="true" OnArrival="false" OnDelta="true" Delta="5" Cron="" Depth="0" />
      <Item Id="3Yvq5P9w" _Name="Analog input #2" WriteToDB="true" OnArrival="false" OnDelta="true" Delta="5" Cron="" Depth="0" />
      <Item Id="o82UZ8Hx" _Name="Analog input #3" WriteToDB="true" OnArrival="false" OnDelta="true" Delta="5" Cron="" Depth="0" />
      <Item Id="ngaLgcP4" _Name="Analog input #4" WriteToDB="true" OnArrival="false" OnDelta="true" Delta="5" Cron="" Depth="0" />
      <Item Id="uvMfob46" _Name="Analog input #5" WriteToDB="true" OnArrival="false" OnDelta="true" Delta="5" Cron="" Depth="0" />
      <Item Id="fdcGICb0" _Name="Analog input #6" WriteToDB="true" OnArrival="false" OnDelta="true" Delta="5" Cron="" Depth="0" />
      <Item Id="LNwXlddo" _Name="Analog input #7" WriteToDB="true" OnArrival="false" OnDelta="true" Delta="5" Cron="" Depth="0" />
      <Item Id="DigYbo3r" _Name="Analog input #8" WriteToDB="true" OnArrival="false" OnDelta="true" Delta="5" Cron="" Depth="0" />
      <Item Id="2PmA0E6Y" _Name="Analog input #9" WriteToDB="true" OnArrival="false" OnDelta="true" Delta="5" Cron="" Depth="0" />
      <Item Id="a8lg4Qjd" _Name="Analog input #10" WriteToDB="true" OnArrival="false" OnDelta="true" Delta="5" Cron="" Depth="0" />
      <Item Id="j8Q2SGYo" _Name="Analog output #1" WriteToDB="true" OnArrival="false" OnDelta="true" Delta="0.1" Cron="" Depth="0" />
      <Item Id="26evsEYf" _Name="Analog output #2" WriteToDB="true" OnArrival="false" OnDelta="true" Delta="0.1" Cron="" Depth="0" />
      <Item Id="IFoX3Qrx" _Name="Analog output #3" WriteToDB="true" OnArrival="false" OnDelta="true" Delta="0.1" Cron="" Depth="0" />
      <Item Id="8kS4cbdi" _Name="Analog output #4" WriteToDB="true" OnArrival="false" OnDelta="true" Delta="0.1" Cron="" Depth="0" />
      <Item Id="hfkbXMAT" _Name="Analog output #5" WriteToDB="true" OnArrival="false" OnDelta="true" Delta="0.1" Cron="" Depth="0" />
      <Item Id="0czVnj09" _Name="Analog output #6" WriteToDB="true" OnArrival="false" OnDelta="true" Delta="0.1" Cron="" Depth="0" />
      <Item Id="MbqMTTlJ" _Name="Analog output #7" WriteToDB="true" OnArrival="false" OnDelta="true" Delta="0.1" Cron="" Depth="0" />
      <Item Id="vbkbKTkb" _Name="Analog output #8" WriteToDB="true" OnArrival="false" OnDelta="true" Delta="0.1" Cron="" Depth="0" />
      <Item Id="bTWMhv4r" _Name="Analog output #9" WriteToDB="true" OnArrival="false" OnDelta="true" Delta="0.1" Cron="" Depth="0" />
      <Item Id="Tszqty5M" _Name="Analog output #10" WriteToDB="true" OnArrival="false" OnDelta="true" Delta="0.1" Cron="" Depth="0" />
      <Item Id="g0wfxJjj" _Name="Cmd_Discrete" WriteToDB="true" OnArrival="false" OnDelta="true" Delta="0.1" Cron="" Depth="0" />
      <Item Id="Ehqmk4h8" _Name="Cmd_Float" WriteToDB="true" OnArrival="false" OnDelta="true" Delta="0.1" Cron="" Depth="0" />
      <Item Id="vhVnlkvB" _Name="Connect" WriteToDB="true" OnArrival="false" OnDelta="true" Delta="0.1" Cron="" Depth="0" />
      <Item Id="RtZPAS1Q" _Name="Current" WriteToDB="true" OnArrival="false" OnDelta="true" Delta="0.1" Cron="" Depth="0" />
      <Item Id="M2tXtXlK" _Name="Discrete input #1" WriteToDB="true" OnArrival="false" OnDelta="true" Delta="0.1" Cron="" Depth="0" />
      <Item Id="4pK6lHfQ" _Name="Discrete input #2" WriteToDB="true" OnArrival="false" OnDelta="true" Delta="0.1" Cron="" Depth="0" />
      <Item Id="xa0b25dq" _Name="Discrete input #3" WriteToDB="true" OnArrival="false" OnDelta="true" Delta="0.1" Cron="" Depth="0" />
      <Item Id="Z2s5yw5V" _Name="Discrete input #4" WriteToDB="true" OnArrival="false" OnDelta="true" Delta="0.1" Cron="" Depth="0" />
      <Item Id="oy210t6h" _Name="Discrete input #5" WriteToDB="true" OnArrival="false" OnDelta="true" Delta="0.1" Cron="" Depth="0" />
      <Item Id="N91EJmqc" _Name="Discrete input #6" WriteToDB="true" OnArrival="false" OnDelta="true" Delta="0.1" Cron="" Depth="0" />
      <Item Id="dw7Y5jAn" _Name="Discrete input #7" WriteToDB="true" OnArrival="false" OnDelta="true" Delta="0.1" Cron="" Depth="0" />
      <Item Id="X33JBURd" _Name="Discrete input #8" WriteToDB="true" OnArrival="false" OnDelta="true" Delta="0.1" Cron="" Depth="0" />
      <Item Id="I7HO2kup" _Name="Discrete input #9" WriteToDB="true" OnArrival="false" OnDelta="true" Delta="0.1" Cron="" Depth="0" />
      <Item Id="mvQ3ZE2i" _Name="Discrete input #10" WriteToDB="true" OnArrival="false" OnDelta="true" Delta="0.1" Cron="" Depth="0" />
      <Item Id="LExWG0pS" _Name="Discrete output #1" WriteToDB="true" OnArrival="false" OnDelta="true" Delta="0.1" Cron="" Depth="0" />
      <Item Id="5FFITCMY" _Name="Discrete output #2" WriteToDB="true" OnArrival="false" OnDelta="true" Delta="0.1" Cron="" Depth="0" />
      <Item Id="6upy3wTY" _Name="Discrete output #3" WriteToDB="true" OnArrival="false" OnDelta="true" Delta="0.1" Cron="" Depth="0" />
      <Item Id="duiMzY41" _Name="Discrete output #4" WriteToDB="true" OnArrival="false" OnDelta="true" Delta="0.1" Cron="" Depth="0" />
      <Item Id="9OdSFAXm" _Name="Discrete output #5" WriteToDB="true" OnArrival="false" OnDelta="true" Delta="0.1" Cron="" Depth="0" />
      <Item Id="6ofyfToL" _Name="Discrete output #6" WriteToDB="true" OnArrival="false" OnDelta="true" Delta="0.1" Cron="" Depth="0" />
      <Item Id="BhcGXfhW" _Name="Discrete output #7" WriteToDB="true" OnArrival="false" OnDelta="true" Delta="0.1" Cron="" Depth="0" />
      <Item Id="MEFcuN6J" _Name="Discrete output #8" WriteToDB="true" OnArrival="false" OnDelta="true" Delta="0.1" Cron="" Depth="0" />
      <Item Id="RElJBcZx" _Name="Discrete output #9" WriteToDB="true" OnArrival="false" OnDelta="true" Delta="0.1" Cron="" Depth="0" />
      <Item Id="8ipi73IY" _Name="Discrete output #10" WriteToDB="true" OnArrival="false" OnDelta="true" Delta="0.1" Cron="" Depth="0" />
      <Item Id="mXN0nzX7" _Name="Door" WriteToDB="true" OnArrival="false" OnDelta="true" Delta="0.1" Cron="" Depth="0" />
      <Item Id="cktoS2H3" _Name="Humidity" WriteToDB="true" OnArrival="false" OnDelta="true" Delta="0.1" Cron="" Depth="0" />
      <Item Id="lWGQITk0" _Name="Sensor" WriteToDB="true" OnArrival="false" OnDelta="true" Delta="0.1" Cron="" Depth="0" />
      <Item Id="Y8PVcl5G" _Name="Temperature" WriteToDB="true" OnArrival="false" OnDelta="true" Delta="0.1" Cron="" Depth="0" />
      <Item Id="5KoJqLMV" _Name="Voltage" WriteToDB="true" OnArrival="false" OnDelta="true" Delta="0.1" Cron="" Depth="0" />
    </Device>
    <Device Id="MTJdcUnA" _Name="Demo002">
      <Item Id="agPEUbk0" _Name="@generic" WriteToDB="true" OnArrival="false" OnDelta="true" Delta="0.1" Cron="" Depth="0" />
      <Item Id="Unv53BL5" _Name="@genericWarning" WriteToDB="true" OnArrival="false" OnDelta="true" Delta="0.1" Cron="" Depth="0" />
      <Item Id="f5dHvlvh" _Name="@poll-enabled" WriteToDB="true" OnArrival="false" OnDelta="true" Delta="0.1" Cron="" Depth="0" />
      <Item Id="r3ceX2nZ" _Name="Alarm_system" WriteToDB="true" OnArrival="false" OnDelta="true" Delta="0.1" Cron="" Depth="0" />
      <Item Id="cDvj4xyo" _Name="Analog input #1" WriteToDB="true" OnArrival="false" OnDelta="true" Delta="5" Cron="" Depth="0" />
      <Item Id="oO1ZhPd2" _Name="Analog input #2" WriteToDB="true" OnArrival="false" OnDelta="true" Delta="5" Cron="" Depth="0" />
      <Item Id="KBKEfAVP" _Name="Analog input #3" WriteToDB="true" OnArrival="false" OnDelta="true" Delta="5" Cron="" Depth="0" />
      <Item Id="Uz2xAxlb" _Name="Analog input #4" WriteToDB="true" OnArrival="false" OnDelta="true" Delta="5" Cron="" Depth="0" />
      <Item Id="Th2UPKn5" _Name="Analog input #5" WriteToDB="true" OnArrival="false" OnDelta="true" Delta="5" Cron="" Depth="0" />
      <Item Id="MGHg9Jne" _Name="Analog input #6" WriteToDB="true" OnArrival="false" OnDelta="true" Delta="5" Cron="" Depth="0" />
      <Item Id="szhhn7yS" _Name="Analog input #7" WriteToDB="true" OnArrival="false" OnDelta="true" Delta="5" Cron="" Depth="0" />
      <Item Id="PLSeUOgn" _Name="Analog input #8" WriteToDB="true" OnArrival="false" OnDelta="true" Delta="5" Cron="" Depth="0" />
      <Item Id="Nh9ZO066" _Name="Analog input #9" WriteToDB="true" OnArrival="false" OnDelta="true" Delta="5" Cron="" Depth="0" />
      <Item Id="89TgPWnV" _Name="Analog input #10" WriteToDB="true" OnArrival="false" OnDelta="true" Delta="5" Cron="" Depth="0" />
      <Item Id="YndiR8oI" _Name="Analog output #1" WriteToDB="true" OnArrival="false" OnDelta="true" Delta="0.1" Cron="" Depth="0" />
      <Item Id="djlKFPAB" _Name="Analog output #2" WriteToDB="true" OnArrival="false" OnDelta="true" Delta="0.1" Cron="" Depth="0" />
      <Item Id="Ixw2XUGk" _Name="Analog output #3" WriteToDB="true" OnArrival="false" OnDelta="true" Delta="0.1" Cron="" Depth="0" />
      <Item Id="AUF3hB7K" _Name="Analog output #4" WriteToDB="true" OnArrival="false" OnDelta="true" Delta="0.1" Cron="" Depth="0" />
      <Item Id="IesRSbjG" _Name="Analog output #5" WriteToDB="true" OnArrival="false" OnDelta="true" Delta="0.1" Cron="" Depth="0" />
      <Item Id="eY3oc7va" _Name="Analog output #6" WriteToDB="true" OnArrival="false" OnDelta="true" Delta="0.1" Cron="" Depth="0" />
      <Item Id="iguG2VJz" _Name="Analog output #7" WriteToDB="true" OnArrival="false" OnDelta="true" Delta="0.1" Cron="" Depth="0" />
      <Item Id="htNUXQ7T" _Name="Analog output #8" WriteToDB="true" OnArrival="false" OnDelta="true" Delta="0.1" Cron="" Depth="0" />
      <Item Id="fKiaay3k" _Name="Analog output #9" WriteToDB="true" OnArrival="false" OnDelta="true" Delta="0.1" Cron="" Depth="0" />
      <Item Id="3TscUhBq" _Name="Analog output #10" WriteToDB="true" OnArrival="false" OnDelta="true" Delta="0.1" Cron="" Depth="0" />
      <Item Id="9FDBpvaP" _Name="Cmd_Discrete" WriteToDB="true" OnArrival="false" OnDelta="true" Delta="0.1" Cron="" Depth="0" />
      <Item Id="f8e9tN3J" _Name="Cmd_Float" WriteToDB="true" OnArrival="false" OnDelta="true" Delta="0.1" Cron="" Depth="0" />
      <Item Id="2G1y4ovS" _Name="Connect" WriteToDB="true" OnArrival="false" OnDelta="true" Delta="0.1" Cron="" Depth="0" />
      <Item Id="Fvu7uZwm" _Name="Current" WriteToDB="true" OnArrival="false" OnDelta="true" Delta="0.1" Cron="" Depth="0" />
      <Item Id="OumDvXvH" _Name="Discrete input #1" WriteToDB="true" OnArrival="false" OnDelta="true" Delta="0.1" Cron="" Depth="0" />
      <Item Id="Z9XxlKr2" _Name="Discrete input #2" WriteToDB="true" OnArrival="false" OnDelta="true" Delta="0.1" Cron="" Depth="0" />
      <Item Id="eyMxHo0E" _Name="Discrete input #3" WriteToDB="true" OnArrival="false" OnDelta="true" Delta="0.1" Cron="" Depth="0" />
      <Item Id="DJibYMdX" _Name="Discrete input #4" WriteToDB="true" OnArrival="false" OnDelta="true" Delta="0.1" Cron="" Depth="0" />
      <Item Id="aQLlh6kF" _Name="Discrete input #5" WriteToDB="true" OnArrival="false" OnDelta="true" Delta="0.1" Cron="" Depth="0" />
      <Item Id="Odw57Pc7" _Name="Discrete input #6" WriteToDB="true" OnArrival="false" OnDelta="true" Delta="0.1" Cron="" Depth="0" />
      <Item Id="0th6OMF9" _Name="Discrete input #7" WriteToDB="true" OnArrival="false" OnDelta="true" Delta="0.1" Cron="" Depth="0" />
      <Item Id="AxUUDtf6" _Name="Discrete input #8" WriteToDB="true" OnArrival="false" OnDelta="true" Delta="0.1" Cron="" Depth="0" />
      <Item Id="cO23rW6B" _Name="Discrete input #9" WriteToDB="true" OnArrival="false" OnDelta="true" Delta="0.1" Cron="" Depth="0" />
      <Item Id="29G6Xw7P" _Name="Discrete input #10" WriteToDB="true" OnArrival="false" OnDelta="true" Delta="0.1" Cron="" Depth="0" />
      <Item Id="bPNrNFR5" _Name="Discrete output #1" WriteToDB="true" OnArrival="false" OnDelta="true" Delta="0.1" Cron="" Depth="0" />
      <Item Id="1uNRCxI5" _Name="Discrete output #2" WriteToDB="true" OnArrival="false" OnDelta="true" Delta="0.1" Cron="" Depth="0" />
      <Item Id="bK6AMUeL" _Name="Discrete output #3" WriteToDB="true" OnArrival="false" OnDelta="true" Delta="0.1" Cron="" Depth="0" />
      <Item Id="SgqB3dYq" _Name="Discrete output #4" WriteToDB="true" OnArrival="false" OnDelta="true" Delta="0.1" Cron="" Depth="0" />
      <Item Id="SaViuYKp" _Name="Discrete output #5" WriteToDB="true" OnArrival="false" OnDelta="true" Delta="0.1" Cron="" Depth="0" />
      <Item Id="TkgHV8oi" _Name="Discrete output #6" WriteToDB="true" OnArrival="false" OnDelta="true" Delta="0.1" Cron="" Depth="0" />
      <Item Id="nneI3F9d" _Name="Discrete output #7" WriteToDB="true" OnArrival="false" OnDelta="true" Delta="0.1" Cron="" Depth="0" />
      <Item Id="iynEXIBf" _Name="Discrete output #8" WriteToDB="true" OnArrival="false" OnDelta="true" Delta="0.1" Cron="" Depth="0" />
      <Item Id="bmt3DUUM" _Name="Discrete output #9" WriteToDB="true" OnArrival="false" OnDelta="true" Delta="0.1" Cron="" Depth="0" />
      <Item Id="ih7IIG6t" _Name="Discrete output #10" WriteToDB="true" OnArrival="false" OnDelta="true" Delta="0.1" Cron="" Depth="0" />
      <Item Id="GxE9C3nd" _Name="Door" WriteToDB="true" OnArrival="false" OnDelta="true" Delta="0.1" Cron="" Depth="0" />
      <Item Id="acQTVegt" _Name="Humidity" WriteToDB="true" OnArrival="false" OnDelta="true" Delta="0.1" Cron="" Depth="0" />
      <Item Id="nzaaAGnL" _Name="Sensor" WriteToDB="true" OnArrival="false" OnDelta="true" Delta="0.1" Cron="" Depth="0" />
      <Item Id="PGXtYsxd" _Name="Temperature" WriteToDB="true" OnArrival="false" OnDelta="true" Delta="0.1" Cron="" Depth="0" />
      <Item Id="gjFpM3SR" _Name="Voltage" WriteToDB="true" OnArrival="false" OnDelta="true" Delta="0.1" Cron="" Depth="0" />
    </Device>
    <Device Id="lCSVa5DB" _Name="SMART PLANT DASHBOARD">
      <Item Id="2s9K2p1k" _Name="@generic" WriteToDB="true" OnArrival="false" OnDelta="true" Delta="0.1" Cron="" Depth="0" />
      <Item Id="oz8xaHS5" _Name="@genericWarning" WriteToDB="true" OnArrival="false" OnDelta="true" Delta="0.1" Cron="" Depth="0" />
      <Item Id="a3PjLhUh" _Name="@comm-bad-responses" WriteToDB="false" OnArrival="false" OnDelta="false" Delta="0.1" Cron="" Depth="0" />
      <Item Id="1vuXMAjK" _Name="@comm-rx" WriteToDB="false" OnArrival="false" OnDelta="false" Delta="0.1" Cron="" Depth="0" />
      <Item Id="6k2lTzgH" _Name="@comm-timeouts" WriteToDB="false" OnArrival="false" OnDelta="false" Delta="0.1" Cron="" Depth="0" />
      <Item Id="JYWF9IAC" _Name="@comm-tx" WriteToDB="false" OnArrival="false" OnDelta="false" Delta="0.1" Cron="" Depth="0" />
      <Item Id="SrtzoSXy" _Name="@poll-enabled" WriteToDB="true" OnArrival="false" OnDelta="true" Delta="0.1" Cron="" Depth="0" />
      <Item Id="aL0xUals" _Name="Air Temperature" WriteToDB="true" OnArrival="false" OnDelta="true" Delta="0.1" Cron="" Depth="0" />
      <Item Id="x3l2qFUL" _Name="Air Temperature. Temperatur" WriteToDB="false" OnArrival="false" OnDelta="false" Delta="1" Cron="" Depth="0" />
      <Item Id="la27ybrk" _Name="Connect" WriteToDB="true" OnArrival="false" OnDelta="true" Delta="0.1" Cron="" Depth="0" />
      <Item Id="jfIgzMBU" _Name="Light Intensity" WriteToDB="true" OnArrival="false" OnDelta="true" Delta="0.1" Cron="" Depth="0" />
      <Item Id="exw7hvzS" _Name="Light Intensity. Light Intensity" WriteToDB="false" OnArrival="false" OnDelta="true" Delta="0.1" Cron="" Depth="0" />
      <Item Id="xn63VLHB" _Name="Soil Moisture" WriteToDB="true" OnArrival="false" OnDelta="true" Delta="0.1" Cron="" Depth="0" />
      <Item Id="91b6WQtP" _Name="Soil Moisture. Soil Moisture" WriteToDB="false" OnArrival="false" OnDelta="true" Delta="0.1" Cron="" Depth="0" />
    </Device>
  </Devices>
</root>