<?xml version="1.0" encoding="utf-8"?>
<root xmlns:xsi="http://www.w3.org/2001/XMLSchema-instance" xmlns:xsd="http://www.w3.org/2001/XMLSchema">
  <Maps>
    <Map Id="5fzz7NOz" Alias="Soil Moisture">
      <Items>
        <Item Id="8ykloVb9" Alias="Soil Moisture" Type="F" Info="Soil Moisture" Bit="0" Bits="0" RSSend="false">
          <Db WriteToDB="false" OnArrival="false" OnDelta="false" Delta="1" Cron="" />
          <Discrete Inverse="false" DType="I" AlarmValue="0" mTrue="Message 1" mFalse="Message 0" />
          <Float Units="%" InMin="0" InMax="0" OutMin="0" OutMax="0" HiHi="100" Hi="75" Lo="25" LoLo="0" eHiHi="true" eHi="true" eLo="true" eLoLo="true" mHiHi="HiHi" mHi="Hi" mLo="Lo" mLoLo="Lolo" />
          <String StatusValueTemplateId="" />
        </Item>
      </Items>
    </Map>
    <Map Id="nJmTTgWe" Alias="Temperatur">
      <Items>
        <Item Id="5syqimeT" Alias="Temperatur" Type="F" Info="Air Temperatur" Bit="0" Bits="0" RSSend="false">
          <Db WriteToDB="false" OnArrival="false" OnDelta="false" Delta="1" Cron="" />
          <Discrete Inverse="false" DType="I" AlarmValue="0" mTrue="Message 1" mFalse="Message 0" />
          <Float Units="°C" InMin="0" InMax="0" OutMin="0" OutMax="0" HiHi="100" Hi="75" Lo="25" LoLo="0" eHiHi="true" eHi="true" eLo="true" eLoLo="true" mHiHi="HiHi" mHi="Hi" mLo="Lo" mLoLo="Lolo" />
          <String StatusValueTemplateId="" />
        </Item>
      </Items>
    </Map>
    <Map Id="UjYsEKgW" Alias="Light Intensity">
      <Items>
        <Item Id="4nByJCZ5" Alias="Light Intensity" Type="F" Info="Light Intensity" Bit="0" Bits="0" RSSend="false">
          <Db WriteToDB="false" OnArrival="false" OnDelta="false" Delta="1" Cron="" />
          <Discrete Inverse="false" DType="I" AlarmValue="0" mTrue="Message 1" mFalse="Message 0" />
          <Float Units="lux" InMin="0" InMax="0" OutMin="0" OutMax="0" HiHi="100" Hi="75" Lo="25" LoLo="0" eHiHi="true" eHi="true" eLo="true" eLoLo="true" mHiHi="HiHi" mHi="Hi" mLo="Lo" mLoLo="Lolo" />
          <String StatusValueTemplateId="" />
        </Item>
      </Items>
    </Map>
  </Maps>
  <StatusValueTemplates />
</root>