<?xml version="1.0" encoding="utf-8"?>
<root xmlns:xsi="http://www.w3.org/2001/XMLSchema-instance" xmlns:xsd="http://www.w3.org/2001/XMLSchema">
  <Devices>
    <Device Id="3IZNTSTD" _Name="virtual_1">
      <Item Id="yQtELyU5" _Name="@generic" Send="true" />
      <Item Id="jMb5YJKT" _Name="@genericWarning" Send="true" />
      <Item Id="nVSFgi9f" _Name="ackBit" Send="true" />
      <Item Id="EP95e0hK" _Name="ackFloat" Send="true" />
      <Item Id="ppm2veC3" _Name="ackInterval" Send="true" />
      <Item Id="29wtvLwj" _Name="amperage" Send="true" />
      <Item Id="SEXAVdtn" _Name="bit1" Send="true" />
      <Item Id="XUNvcKRV" _Name="bitToNotify" Send="true" />
      <Item Id="MYVvCpOz" _Name="calculationInterval" Send="true" />
      <Item Id="h8PL2LwW" _Name="cmd" Send="true" />
      <Item Id="LT7kiG7L" _Name="cmd-bit" Send="true" />
      <Item Id="F1NoWkUL" _Name="com1" Send="true" />
      <Item Id="zpX5pw49" _Name="com2" Send="true" />
      <Item Id="4si8Om00" _Name="com3" Send="true" />
      <Item Id="gJoGG6Zj" _Name="Connect" Send="true" />
      <Item Id="JsrDe8RD" _Name="consumption" Send="true" />
      <Item Id="NNCzXvPU" _Name="discreteCounter" Send="true" />
      <Item Id="lsvBm18y" _Name="efficiencyInstant1" Send="true" />
      <Item Id="NNvfTM80" _Name="efficiencySummary1" Send="true" />
      <Item Id="ewcVjEY2" _Name="energy" Send="true" />
      <Item Id="Dcc9eGsD" _Name="float1" Send="true" />
      <Item Id="qEhLIfgZ" _Name="floatCounter" Send="true" />
      <Item Id="Z5sXA0n2" _Name="floatToNotify" Send="true" />
      <Item Id="J6SrSoP2" _Name="hihiShift" Send="true" />
      <Item Id="U1cNbs4w" _Name="hiShift" Send="true" />
      <Item Id="0k6Hjxxg" _Name="kd" Send="true" />
      <Item Id="3vMgUEZy" _Name="ki" Send="true" />
      <Item Id="voO3GmtM" _Name="kp" Send="true" />
      <Item Id="xa1mQs3F" _Name="loloShift" Send="true" />
      <Item Id="1Ja5URuy" _Name="loShift" Send="true" />
      <Item Id="q4LCIUfV" _Name="operatingTime" Send="true" />
      <Item Id="y0CBS4OX" _Name="perfomance" Send="true" />
      <Item Id="Bl2EH5et" _Name="production1" Send="true" />
      <Item Id="Yd6VF5xK" _Name="production2" Send="true" />
      <Item Id="qLeHwduv" _Name="reachTime" Send="true" />
      <Item Id="HlDl3puH" _Name="reachValue" Send="true" />
      <Item Id="I1L3Uh4s" _Name="repair" Send="true" />
      <Item Id="au6igrSV" _Name="resistance" Send="true" />
      <Item Id="ZrAsilyd" _Name="saveCounted" Send="true" />
      <Item Id="e5VVp6X9" _Name="setpoint" Send="true" />
      <Item Id="BgCoytRK" _Name="setpointDelay" Send="true" />
      <Item Id="A5fJDAqE" _Name="signal1" Send="true" />
      <Item Id="JIJsRUuV" _Name="signal2" Send="true" />
      <Item Id="52IRvSye" _Name="signal3" Send="true" />
      <Item Id="JGUpqAqy" _Name="signal4" Send="true" />
      <Item Id="rL7z3d80" _Name="targetValue" Send="true" />
      <Item Id="x92u21IP" _Name="testVar" Send="true" />
      <Item Id="MfcnXKdE" _Name="value" Send="true" />
      <Item Id="Ak9TvH8r" _Name="value-raw" Send="true" />
      <Item Id="Q00R57vc" _Name="valueToPredict" Send="true" />
      <Item Id="2w6wkDUg" _Name="voltage" Send="true" />
      <Item Id="t2gU11vW" _Name="voltageSetpoint" Send="true" />
    </Device>
    <Device Id="bkl9hdc7" _Name="Demo001">
      <Item Id="Qsd2gDHf" _Name="@generic" Send="true" />
      <Item Id="W1h6In9r" _Name="@genericWarning" Send="true" />
      <Item Id="jEUnIEOE" _Name="@poll-enabled" Send="true" />
      <Item Id="eOllvd5V" _Name="Alarm_system" Send="true" />
      <Item Id="1Sc6sz1K" _Name="Analog input #1" Send="true" />
      <Item Id="3Yvq5P9w" _Name="Analog input #2" Send="true" />
      <Item Id="o82UZ8Hx" _Name="Analog input #3" Send="true" />
      <Item Id="ngaLgcP4" _Name="Analog input #4" Send="true" />
      <Item Id="uvMfob46" _Name="Analog input #5" Send="true" />
      <Item Id="fdcGICb0" _Name="Analog input #6" Send="true" />
      <Item Id="LNwXlddo" _Name="Analog input #7" Send="true" />
      <Item Id="DigYbo3r" _Name="Analog input #8" Send="true" />
      <Item Id="2PmA0E6Y" _Name="Analog input #9" Send="true" />
      <Item Id="a8lg4Qjd" _Name="Analog input #10" Send="true" />
      <Item Id="j8Q2SGYo" _Name="Analog output #1" Send="true" />
      <Item Id="26evsEYf" _Name="Analog output #2" Send="true" />
      <Item Id="IFoX3Qrx" _Name="Analog output #3" Send="true" />
      <Item Id="8kS4cbdi" _Name="Analog output #4" Send="true" />
      <Item Id="hfkbXMAT" _Name="Analog output #5" Send="true" />
      <Item Id="0czVnj09" _Name="Analog output #6" Send="true" />
      <Item Id="MbqMTTlJ" _Name="Analog output #7" Send="true" />
      <Item Id="vbkbKTkb" _Name="Analog output #8" Send="true" />
      <Item Id="bTWMhv4r" _Name="Analog output #9" Send="true" />
      <Item Id="Tszqty5M" _Name="Analog output #10" Send="true" />
      <Item Id="g0wfxJjj" _Name="Cmd_Discrete" Send="true" />
      <Item Id="Ehqmk4h8" _Name="Cmd_Float" Send="true" />
      <Item Id="vhVnlkvB" _Name="Connect" Send="true" />
      <Item Id="RtZPAS1Q" _Name="Current" Send="true" />
      <Item Id="M2tXtXlK" _Name="Discrete input #1" Send="true" />
      <Item Id="4pK6lHfQ" _Name="Discrete input #2" Send="true" />
      <Item Id="xa0b25dq" _Name="Discrete input #3" Send="true" />
      <Item Id="Z2s5yw5V" _Name="Discrete input #4" Send="true" />
      <Item Id="oy210t6h" _Name="Discrete input #5" Send="true" />
      <Item Id="N91EJmqc" _Name="Discrete input #6" Send="true" />
      <Item Id="dw7Y5jAn" _Name="Discrete input #7" Send="true" />
      <Item Id="X33JBURd" _Name="Discrete input #8" Send="true" />
      <Item Id="I7HO2kup" _Name="Discrete input #9" Send="true" />
      <Item Id="mvQ3ZE2i" _Name="Discrete input #10" Send="true" />
      <Item Id="LExWG0pS" _Name="Discrete output #1" Send="true" />
      <Item Id="5FFITCMY" _Name="Discrete output #2" Send="true" />
      <Item Id="6upy3wTY" _Name="Discrete output #3" Send="true" />
      <Item Id="duiMzY41" _Name="Discrete output #4" Send="true" />
      <Item Id="9OdSFAXm" _Name="Discrete output #5" Send="true" />
      <Item Id="6ofyfToL" _Name="Discrete output #6" Send="true" />
      <Item Id="BhcGXfhW" _Name="Discrete output #7" Send="true" />
      <Item Id="MEFcuN6J" _Name="Discrete output #8" Send="true" />
      <Item Id="RElJBcZx" _Name="Discrete output #9" Send="true" />
      <Item Id="8ipi73IY" _Name="Discrete output #10" Send="true" />
      <Item Id="mXN0nzX7" _Name="Door" Send="true" />
      <Item Id="cktoS2H3" _Name="Humidity" Send="true" />
      <Item Id="lWGQITk0" _Name="Sensor" Send="true" />
      <Item Id="Y8PVcl5G" _Name="Temperature" Send="true" />
      <Item Id="5KoJqLMV" _Name="Voltage" Send="true" />
    </Device>
    <Device Id="MTJdcUnA" _Name="Demo002">
      <Item Id="agPEUbk0" _Name="@generic" Send="true" />
      <Item Id="Unv53BL5" _Name="@genericWarning" Send="true" />
      <Item Id="f5dHvlvh" _Name="@poll-enabled" Send="true" />
      <Item Id="r3ceX2nZ" _Name="Alarm_system" Send="true" />
      <Item Id="cDvj4xyo" _Name="Analog input #1" Send="true" />
      <Item Id="oO1ZhPd2" _Name="Analog input #2" Send="true" />
      <Item Id="KBKEfAVP" _Name="Analog input #3" Send="true" />
      <Item Id="Uz2xAxlb" _Name="Analog input #4" Send="true" />
      <Item Id="Th2UPKn5" _Name="Analog input #5" Send="true" />
      <Item Id="MGHg9Jne" _Name="Analog input #6" Send="true" />
      <Item Id="szhhn7yS" _Name="Analog input #7" Send="true" />
      <Item Id="PLSeUOgn" _Name="Analog input #8" Send="true" />
      <Item Id="Nh9ZO066" _Name="Analog input #9" Send="true" />
      <Item Id="89TgPWnV" _Name="Analog input #10" Send="true" />
      <Item Id="YndiR8oI" _Name="Analog output #1" Send="true" />
      <Item Id="djlKFPAB" _Name="Analog output #2" Send="true" />
      <Item Id="Ixw2XUGk" _Name="Analog output #3" Send="true" />
      <Item Id="AUF3hB7K" _Name="Analog output #4" Send="true" />
      <Item Id="IesRSbjG" _Name="Analog output #5" Send="true" />
      <Item Id="eY3oc7va" _Name="Analog output #6" Send="true" />
      <Item Id="iguG2VJz" _Name="Analog output #7" Send="true" />
      <Item Id="htNUXQ7T" _Name="Analog output #8" Send="true" />
      <Item Id="fKiaay3k" _Name="Analog output #9" Send="true" />
      <Item Id="3TscUhBq" _Name="Analog output #10" Send="true" />
      <Item Id="9FDBpvaP" _Name="Cmd_Discrete" Send="true" />
      <Item Id="f8e9tN3J" _Name="Cmd_Float" Send="true" />
      <Item Id="2G1y4ovS" _Name="Connect" Send="true" />
      <Item Id="Fvu7uZwm" _Name="Current" Send="true" />
      <Item Id="OumDvXvH" _Name="Discrete input #1" Send="true" />
      <Item Id="Z9XxlKr2" _Name="Discrete input #2" Send="true" />
      <Item Id="eyMxHo0E" _Name="Discrete input #3" Send="true" />
      <Item Id="DJibYMdX" _Name="Discrete input #4" Send="true" />
      <Item Id="aQLlh6kF" _Name="Discrete input #5" Send="true" />
      <Item Id="Odw57Pc7" _Name="Discrete input #6" Send="true" />
      <Item Id="0th6OMF9" _Name="Discrete input #7" Send="true" />
      <Item Id="AxUUDtf6" _Name="Discrete input #8" Send="true" />
      <Item Id="cO23rW6B" _Name="Discrete input #9" Send="true" />
      <Item Id="29G6Xw7P" _Name="Discrete input #10" Send="true" />
      <Item Id="bPNrNFR5" _Name="Discrete output #1" Send="true" />
      <Item Id="1uNRCxI5" _Name="Discrete output #2" Send="true" />
      <Item Id="bK6AMUeL" _Name="Discrete output #3" Send="true" />
      <Item Id="SgqB3dYq" _Name="Discrete output #4" Send="true" />
      <Item Id="SaViuYKp" _Name="Discrete output #5" Send="true" />
      <Item Id="TkgHV8oi" _Name="Discrete output #6" Send="true" />
      <Item Id="nneI3F9d" _Name="Discrete output #7" Send="true" />
      <Item Id="iynEXIBf" _Name="Discrete output #8" Send="true" />
      <Item Id="bmt3DUUM" _Name="Discrete output #9" Send="true" />
      <Item Id="ih7IIG6t" _Name="Discrete output #10" Send="true" />
      <Item Id="GxE9C3nd" _Name="Door" Send="true" />
      <Item Id="acQTVegt" _Name="Humidity" Send="true" />
      <Item Id="nzaaAGnL" _Name="Sensor" Send="true" />
      <Item Id="PGXtYsxd" _Name="Temperature" Send="true" />
      <Item Id="gjFpM3SR" _Name="Voltage" Send="true" />
    </Device>
    <Device Id="lCSVa5DB" _Name="SMART PLANT DASHBOARD">
      <Item Id="2s9K2p1k" _Name="@generic" Send="true" />
      <Item Id="oz8xaHS5" _Name="@genericWarning" Send="true" />
      <Item Id="a3PjLhUh" _Name="@comm-bad-responses" Send="false" />
      <Item Id="1vuXMAjK" _Name="@comm-rx" Send="false" />
      <Item Id="6k2lTzgH" _Name="@comm-timeouts" Send="false" />
      <Item Id="JYWF9IAC" _Name="@comm-tx" Send="false" />
      <Item Id="SrtzoSXy" _Name="@poll-enabled" Send="true" />
      <Item Id="aL0xUals" _Name="Air Temperature" Send="true" />
      <Item Id="x3l2qFUL" _Name="Air Temperature. Temperatur" Send="false" />
      <Item Id="la27ybrk" _Name="Connect" Send="true" />
      <Item Id="jfIgzMBU" _Name="Light Intensity" Send="true" />
      <Item Id="exw7hvzS" _Name="Light Intensity. Light Intensity" Send="true" />
      <Item Id="xn63VLHB" _Name="Soil Moisture" Send="true" />
      <Item Id="91b6WQtP" _Name="Soil Moisture. Soil Moisture" Send="true" />
    </Device>
  </Devices>
</root>