<?xml version="1.0" encoding="utf-8"?>
<root xmlns:xsi="http://www.w3.org/2001/XMLSchema-instance" xmlns:xsd="http://www.w3.org/2001/XMLSchema">
  <Maps Type="web">
    <Web Selected="osm">
      <Maps>
        <MapWeb Name="osm" Crs="EPSG3857" Url="https://{s}.tile.openstreetmap.org/{z}/{x}/{y}.png" zMin="0" zMax="18" SubDomainList="osm">
          <Bounds>
            <Longitude Min="-180" Max="180" />
            <Latitude Min="-90" Max="90" />
          </Bounds>
        </MapWeb>
      </Maps>
      <SubDomainLists>
        <SubDomainList Name="osm">
          <SubDomains>
            <SubDomain Name="a" />
            <SubDomain Name="b" />
            <SubDomain Name="c" />
          </SubDomains>
        </SubDomainList>
      </SubDomainLists>
    </Web>
    <Local Selected="user-map">
      <Maps />
    </Local>
  </Maps>
</root>