<?xml version="1.0" encoding="utf-8"?>
<root xmlns:xsi="http://www.w3.org/2001/XMLSchema-instance" xmlns:xsd="http://www.w3.org/2001/XMLSchema">
  <Settings Enabled="true" UserFilesQuantityLimit="100" UserFileSizeLimit="100" OperationTimeout="300">
    <CSharp References="system.dll;LibMain.dll;Engine.dll" />
    <Constraints ScriptsLimit="100" Recursion="200" Memory="20" Timeout="10" Emul="false" />
  </Settings>
  <Scripts>
    <Script Id="sample-init" Type="js" Name="Init" Enabled="true">
      <Trigger RunPeriodically="true" Period="1000" OnDataArrival="false" OnDataChange="false">
        <Items />
      </Trigger>
    </Script>
    <Script Id="sample-script1" Type="js" Name="Virtual set rawValue" Enabled="true">
      <Trigger RunPeriodically="true" Period="1000" OnDataArrival="false" OnDataChange="false">
        <Items />
      </Trigger>
    </Script>
    <Script Id="sample-script2" Type="js" Name="Virtual_1 set resultValue" Enabled="true">
      <Trigger RunPeriodically="true" Period="1000" OnDataArrival="false" OnDataChange="false">
        <Items />
      </Trigger>
    </Script>
    <Script Id="sample-script3" Type="js" Name="Dynamic set point change" Enabled="false">
      <Trigger RunPeriodically="true" Period="1000" OnDataArrival="false" OnDataChange="false">
        <Items />
      </Trigger>
    </Script>
    <Script Id="sample-script4" Type="js" Name="Sine generator" Enabled="false">
      <Trigger RunPeriodically="true" Period="1000" OnDataArrival="false" OnDataChange="false">
        <Items />
      </Trigger>
    </Script>
    <Script Id="sample-script5" Type="js" Name="Operating time calculation" Enabled="false">
      <Trigger RunPeriodically="true" Period="1000" OnDataArrival="false" OnDataChange="false">
        <Items />
      </Trigger>
    </Script>
    <Script Id="sample-script6" Type="js" Name="Counting the number of triggers" Enabled="false">
      <Trigger RunPeriodically="true" Period="1000" OnDataArrival="false" OnDataChange="false">
        <Items />
      </Trigger>
    </Script>
    <Script Id="sample-script7" Type="js" Name="Periodic shift summary record" Enabled="false">
      <Trigger RunPeriodically="true" Period="1000" OnDataArrival="false" OnDataChange="false">
        <Items />
      </Trigger>
    </Script>
    <Script Id="sample-script8" Type="js" Name="Starting a sequence of actions" Enabled="false">
      <Trigger RunPeriodically="true" Period="1000" OnDataArrival="false" OnDataChange="false">
        <Items />
      </Trigger>
    </Script>
    <Script Id="sample-script9" Type="js" Name="Energy efficiency result/costs" Enabled="false">
      <Trigger RunPeriodically="true" Period="1000" OnDataArrival="false" OnDataChange="false">
        <Items />
      </Trigger>
    </Script>
    <Script Id="sample-script10" Type="js" Name="Perfomance result/time" Enabled="false">
      <Trigger RunPeriodically="true" Period="1000" OnDataArrival="false" OnDataChange="false">
        <Items />
      </Trigger>
    </Script>
    <Script Id="sample-script11" Type="js" Name="Energy consumption over time" Enabled="false">
      <Trigger RunPeriodically="true" Period="1000" OnDataArrival="false" OnDataChange="false">
        <Items />
      </Trigger>
    </Script>
    <Script Id="sample-script12" Type="js" Name="Sending notifications" Enabled="false">
      <Trigger RunPeriodically="true" Period="1000" OnDataArrival="false" OnDataChange="false">
        <Items />
      </Trigger>
    </Script>
    <Script Id="sample-script13" Type="js" Name="Value prediction" Enabled="false">
      <Trigger RunPeriodically="true" Period="1000" OnDataArrival="false" OnDataChange="false">
        <Items />
      </Trigger>
    </Script>
    <Script Id="sample-script14" Type="js" Name="Alarm of no operator action" Enabled="false">
      <Trigger RunPeriodically="true" Period="1000" OnDataArrival="false" OnDataChange="false">
        <Items />
      </Trigger>
    </Script>
    <Script Id="sample-script15" Type="js" Name="PID voltage controller" Enabled="false">
      <Trigger RunPeriodically="true" Period="1000" OnDataArrival="false" OnDataChange="false">
        <Items />
      </Trigger>
    </Script>
    <Script Id="sample-commands" Type="js" Name="Virtual commands proccesing" Enabled="true">
      <Trigger RunPeriodically="true" Period="1000" OnDataArrival="false" OnDataChange="false">
        <Items />
      </Trigger>
    </Script>
    <Script Id="sample-stat" Type="js" Name="Store Device Statistics" Enabled="true">
      <Trigger RunPeriodically="true" Period="1000" OnDataArrival="false" OnDataChange="false">
        <Items />
      </Trigger>
    </Script>
  </Scripts>
  <UserFunctions>
    <UserFunction Id="cal-table" Name="Calibrate tables" />
    <UserFunction Id="utils" Name="Useful functions" />
  </UserFunctions>
</root>