<?xml version="1.0" encoding="utf-8"?>
<root xmlns:xsi="http://www.w3.org/2001/XMLSchema-instance" xmlns:xsd="http://www.w3.org/2001/XMLSchema">
  <Devices>
    <Device Id="oq5TAUKC" Enabled="true" Name="virtual_1">
      <Item Id="pzAOMbkn" Type="float" Name="cmd" Access="R/W" Config="{'Float':{},'Db':{}}" />
      <Item Id="pY1Ahu1X" Type="bit" Name="cmd-bit" Access="R/W" Config="{'Discrete':{},'Db':{}}" />
      <Item Id="EBUD6U6l" Type="bit" Name="Connect" Access="R" Config="{'Discrete':{},'Db':{}}" />
      <Item Id="wrP3IwQy" Type="float" Name="value-raw" Access="R" Config="{'Float':{},'Db':{}}" />
      <Item Id="32ZRL4TV" Type="float" Name="value" Access="R" Config="{'Float':{},'Db':{}}" />
      <Item Id="kRFMS7Fk" Type="float" Name="testVar" Access="R/W" Config="{'Float':{},'Db':{}}" />
      <Item Id="MpadcusS" Type="float" Name="hihiShift" Access="R/W" Config="{'Float':{},'Db':{}}" />
      <Item Id="dVTAN0b3" Type="float" Name="hiShift" Access="R/W" Config="{'Float':{},'Db':{}}" />
      <Item Id="OieQmXg1" Type="float" Name="loloShift" Access="R/W" Config="{'Float':{},'Db':{}}" />
      <Item Id="6qceBL7u" Type="float" Name="loShift" Access="R/W" Config="{'Float':{},'Db':{}}" />
      <Item Id="Bwi47CYe" Type="float" Name="setpoint" Access="R/W" Config="{'Float':{},'Db':{}}" />
      <Item Id="eJcEXOt9" Type="float" Name="setpointDelay" Access="R/W" Config="{'Float':{},'Db':{}}" />
      <Item Id="VUJPhWbZ" Type="float" Name="operatingTime" Access="R" Config="{'Float':{},'Db':{}}" />
      <Item Id="MoHe49hN" Type="bit" Name="repair" Access="R/W" Config="{'Discrete':{},'Db':{}}" />
      <Item Id="4JcuKB34" Type="float" Name="discreteCounter" Access="R" Config="{'Float':{},'Db':{}}" />
      <Item Id="sqYc93S7" Type="float" Name="floatCounter" Access="R" Config="{'Float':{},'Db':{}}" />
      <Item Id="6UOTx1WP" Type="bit" Name="saveCounted" Access="R/W" Config="{'Discrete':{},'Db':{}}" />
      <Item Id="PWVDWqdJ" Type="bit" Name="bit1" Access="R/W" Config="{'Discrete':{},'Db':{}}" />
      <Item Id="3UTR40so" Type="float" Name="float1" Access="R/W" Config="{'Float':{},'Db':{}}" />
      <Item Id="6ynti3pv" Type="bit" Name="com1" Access="R/W" Config="{'Discrete':{},'Db':{}}" />
      <Item Id="dYFBicsG" Type="float" Name="energy" Access="R" Config="{'Float':{},'Db':{}}" />
      <Item Id="ZyrqBOsE" Type="float" Name="production1" Access="R" Config="{'Float':{},'Db':{}}" />
      <Item Id="m63xHhzN" Type="float" Name="efficiencyInstant1" Access="R" Config="{'Float':{},'Db':{}}" />
      <Item Id="7mFO8qVV" Type="float" Name="efficiencySummary1" Access="R" Config="{'Float':{},'Db':{}}" />
      <Item Id="54RtzOut" Type="bit" Name="com2" Access="R/W" Config="{'Discrete':{},'Db':{}}" />
      <Item Id="l54pmYAJ" Type="float" Name="production2" Access="R" Config="{'Float':{},'Db':{}}" />
      <Item Id="32szIYBU" Type="float" Name="perfomance" Access="R" Config="{'Float':{},'Db':{}}" />
      <Item Id="ZbqQTrpS" Type="float" Name="consumption" Access="R" Config="{'Float':{},'Db':{}}" />
      <Item Id="4UIx3AmK" Type="float" Name="floatToNotify" Access="R/W" Config="{'Float':{},'Db':{}}" />
      <Item Id="TWLCRvXM" Type="bit" Name="bitToNotify" Access="R/W" Config="{'Discrete':{},'Db':{}}" />
      <Item Id="brZcGRTi" Type="bit" Name="com3" Access="R/W" Config="{'Discrete':{},'Db':{}}" />
      <Item Id="O4xv3ASb" Type="float" Name="targetValue" Access="R/W" Config="{'Float':{},'Db':{}}" />
      <Item Id="lmGD0WVS" Type="float" Name="calculationInterval" Access="R/W" Config="{'Float':{},'Db':{}}" />
      <Item Id="3atybsYi" Type="float" Name="reachTime" Access="R" Config="{'Float':{},'Db':{}}" />
      <Item Id="5BDDPkJw" Type="float" Name="reachValue" Access="R" Config="{'Float':{},'Db':{}}" />
      <Item Id="hYnXCiaH" Type="float" Name="valueToPredict" Access="R" Config="{'Float':{},'Db':{}}" />
      <Item Id="nUW9nl1T" Type="float" Name="ackFloat" Access="R/W" Config="{'Float':{},'Db':{}}" />
      <Item Id="AvaRE384" Type="float" Name="ackInterval" Access="R/W" Config="{'Float':{},'Db':{}}" />
      <Item Id="13v6d4xG" Type="bit" Name="ackBit" Access="R" Config="{'Discrete':{},'Db':{}}" />
      <Item Id="0yzM9SZ8" Type="float" Name="voltage" Access="R" Config="{'Float':{},'Db':{}}" />
      <Item Id="Qs637SpM" Type="float" Name="amperage" Access="R" Config="{'Float':{},'Db':{}}" />
      <Item Id="VStbvAJK" Type="float" Name="resistance" Access="R/W" Config="{'Float':{},'Db':{}}" />
      <Item Id="R7qGmAt9" Type="float" Name="kp" Access="R/W" Config="{'Float':{},'Db':{}}" />
      <Item Id="kqRRPR4v" Type="float" Name="ki" Access="R/W" Config="{'Float':{},'Db':{}}" />
      <Item Id="1ZZsjh1h" Type="float" Name="kd" Access="R/W" Config="{'Float':{},'Db':{}}" />
      <Item Id="SZQMwLnU" Type="float" Name="voltageSetpoint" Access="R/W" Config="{'Float':{},'Db':{}}" />
      <Item Id="Hpa09qf3" Type="float" Name="signal1" Access="R" Config="{'Float':{},'Db':{}}" />
      <Item Id="G9FfUO5g" Type="float" Name="signal2" Access="R" Config="{'Float':{},'Db':{}}" />
      <Item Id="UyuI5pHA" Type="float" Name="signal3" Access="R" Config="{'Float':{},'Db':{}}" />
      <Item Id="65BT5fcx" Type="float" Name="signal4" Access="R" Config="{'Float':{},'Db':{}}" />
    </Device>
  </Devices>
</root>